编号,name,kind,sign,专属,elder,admit_q,status,retire_q,yellow
0,"ts_decay_linear(abs(returns),5)",ga,1.0,,False,2015Q1,在役,,0
1,abs(returns),ga,1.0,,False,2015Q1,退役,2020Q4,0
2,returns,ga,1.0,,False,2015Q1,退役,2016Q3,0
3,"sub(close,ts_decay_linear(amount,244))",ga,1.0,,False,2015Q1,退役,2017Q4,0
4,"ts_slope(sub(low,high),10)",ga,-1.0,,False,2015Q1,退役,2015Q4,0
5,"ema(ts_argmin(slog(returns),10),244)",ga,-1.0,,False,2015Q1,退役,2015Q4,0
6,"ts_sum(high,244)",ga,-1.0,hs300,False,2015Q1,退役,2016Q2,0
7,"delay(delay(close,40),60)",ga,-1.0,hs300,False,2015Q1,退役,2024Q1,0
8,"slog(div(low,high))",ga,-1.0,zz500,False,2015Q1,在役,,0
9,"div(volume,delta(ts_decay_linear(mul(low,low),40),244))",ga,1.0,zz500,False,2015Q1,退役,2020Q1,0
10,"add(ts_mean(ts_decay_linear(open,20),10),neg(ts_std(beta120,",ga,-1.0,zz500,False,2015Q1,在役,,0
11,"div(div(volume,ts_slope(close,20)),ts_min(open,244))",ga,1.0,zz500,False,2015Q1,退役,2021Q2,0
12,"slog(neg(ts_tsi(returns,5)))",ga,-1.0,zz500,False,2015Q1,退役,2022Q1,0
13,"add(add(ts_max(ts_max(low,244),244),ts_max(delay(beta120,120",ga,-1.0,zz1000,False,2015Q1,在役,,0
14,"ts_corr(sub(open,low),ts_max(amount,120),244)",ga,1.0,zz1000,False,2015Q1,退役,2023Q1,0
15,"div(ts_max(delay(beta120,120),244),ssqrt(ts_slope(high,120))",ga,1.0,zz1000,False,2015Q1,退役,2023Q2,0
16,"add(ts_std(high,5),ts_zscore(open,120))",ga,1.0,zz1000,False,2015Q1,退役,2019Q1,0
17,"ts_tsi(returns,244)",ga,1.0,zz1000,False,2015Q1,退役,2016Q4,0
18,"mul(ts_max(delay(beta120,120),244),low)",ga,-1.0,zz1000,False,2015Q1,在役,,0
19,"ts_rank(ts_max(returns,20),244)",ga,1.0,zz1000,False,2015Q1,退役,2019Q3,0
20,"sub(amount,beta120)",ga,-1.0,zz1000,False,2015Q1,在役,,0
21,"div(close,ts_rank(div(close,low),120))",ga,-1.0,cyb,False,2015Q1,退役,2016Q4,0
22,"div(div(div(high,ts_rank(ts_zscore(returns,60),120)),ts_rank",ga,-1.0,cyb,False,2015Q1,退役,2017Q3,0
23,"div(ts_rank(ts_tsi(returns,40),60),open)",ga,1.0,cyb,False,2015Q1,退役,2024Q3,0
24,"div(amount,ts_rank(div(close,high),120))",ga,-1.0,cyb,False,2015Q1,退役,2016Q4,0
25,"div(high,ts_rank(ts_zscore(delta(ts_rank(close,3),120),60),5",ga,-1.0,cyb,False,2015Q1,退役,2017Q2,0
26,"div(close,ts_rank(returns,3))",ga,-1.0,cyb,False,2015Q1,退役,2026Q3,0
27,"div(div(close,ts_rank(div(close,low),120)),ts_zscore(div(clo",ga,1.0,cyb,False,2015Q1,退役,2017Q4,0
28,"ts_rank(ts_tsi(ts_corr(volume,returns,3),3),120)",ga,1.0,cyb,False,2015Q1,退役,2023Q2,0
29,"div(ts_rank(returns,120),ts_rank(div(close,low),120))",ga,-1.0,cyb,False,2015Q1,退役,2019Q3,0
30,"abs(div(ts_sum(amount,244),mul(returns,ts_decay_linear(ts_ts",ga,-1.0,hongli,False,2015Q1,退役,2021Q3,0
31,"abs(div(ts_sum(low,244),mul(returns,ts_decay_linear(ts_tsi(v",ga,-1.0,hongli,False,2015Q1,退役,2023Q1,0
32,"abs(div(delay(mul(returns,amount),244),mul(returns,volume)))",ga,-1.0,hongli,False,2015Q1,退役,2018Q3,0
33,"abs(div(div(delay(amount,244),ts_mean(div(beta120,returns),6",ga,-1.0,hongli,False,2015Q1,在役,,0
34,"neg(add(ts_er(amount,244),neg(ts_min(amount,244))))",ga,-1.0,hs300,False,2015Q2,退役,2016Q1,0
35,"ts_zscore(sub(high,low),244)",ga,1.0,hs300,False,2015Q2,退役,2021Q2,0
36,"delay(open,244)",ga,-1.0,hs300,False,2015Q2,退役,2019Q3,0
37,"div(ts_max(volume,244),mul(close,close))",ga,1.0,zz500,False,2015Q2,在役,,0
38,"ts_std(returns,3)",ga,1.0,zz1000,False,2015Q2,在役,,0
39,"ssqrt(ts_argmax(volume,5))",ga,-1.0,zz1000,False,2015Q2,退役,2021Q2,0
40,"ts_std(returns,5)",ga,1.0,zz1000,False,2015Q2,在役,,0
41,"ts_min(ts_sum(ts_std(slog(amount),20),20),244)",ga,1.0,zz1000,False,2015Q2,退役,2023Q1,0
42,"ts_argmax(mul(ts_mean(close,3),div(low,volume)),60)",ga,-1.0,zz1000,False,2015Q2,退役,2025Q1,0
43,"ts_std(open,3)",ga,1.0,zz1000,False,2015Q2,退役,2019Q2,0
44,"ssqrt(ts_tsi(ts_min(mul(returns,returns),5),244))",ga,1.0,zz1000,False,2015Q2,退役,2025Q1,0
45,"ts_tsi(ssqrt(ts_zscore(returns,5)),5)",ga,1.0,cyb,False,2015Q2,退役,2016Q1,0
46,"delta(ts_zscore(ts_zscore(neg(div(close,low)),10),5),5)",ga,-1.0,cyb,False,2015Q2,退役,2025Q2,0
47,"ts_zscore(ts_zscore(ts_rank(ts_zscore(returns,120),10),5),5)",ga,1.0,cyb,False,2015Q2,退役,2025Q4,0
48,"ema(mul(close,beta120),60)",ga,-1.0,cyb,False,2015Q2,在役,,0
49,"ts_sum(div(low,high),3)",ga,-1.0,cyb,False,2015Q2,退役,2023Q2,0
50,"ssqrt(ts_tsi(ts_zscore(ts_rank(ts_er(returns,120),10),5),5))",ga,1.0,cyb,False,2015Q2,退役,2017Q4,0
51,"ts_argmin(add(ts_sum(low,5),ssqrt(high)),244)",ga,-1.0,cyb,False,2015Q2,在役,,1
52,"ts_tsi(ts_zscore(ts_zscore(returns,120),5),10)",ga,1.0,cyb,False,2015Q2,退役,2024Q4,0
53,"ts_tsi(ts_zscore(ts_tsi(ts_zscore(returns,120),10),5),5)",ga,1.0,cyb,False,2015Q2,退役,2024Q4,0
54,"ts_tsi(ssqrt(ts_std(returns,5)),5)",ga,1.0,cyb,False,2015Q2,退役,2023Q3,0
55,"ts_tsi(ssqrt(ts_argmin(returns,5)),5)",ga,1.0,cyb,False,2015Q2,退役,2017Q2,0
56,"ts_argmax(high,60)",ga,-1.0,hs300,False,2015Q3,退役,2016Q4,0
57,"add(open,ts_mean(mul(close,ts_argmax(low,244)),120))",ga,-1.0,zz500,False,2015Q3,在役,,0
58,"mul(ts_min(ts_slope(low,40),244),ts_max(ts_min(ts_sum(high,4",ga,1.0,zz1000,False,2015Q3,退役,2021Q3,0
59,"ema(ts_corr(beta120,low,3),244)",ga,-1.0,zz1000,False,2015Q3,退役,2021Q2,0
60,"mul(ts_argmin(open,3),ts_max(ts_min(ts_sum(high,40),244),60)",ga,-1.0,zz1000,False,2015Q3,退役,2021Q3,0
61,"ts_std(returns,60)",ga,1.0,zz1000,False,2015Q3,在役,,0
62,"abs(delta(returns,40))",ga,1.0,zz1000,False,2015Q3,退役,2017Q2,0
63,"ts_std(div(open,volume),3)",ga,1.0,zz1000,False,2015Q3,退役,2023Q4,0
64,"ts_zscore(ts_er(ts_zscore(delta(ema(high,40),10),10),5),120)",ga,-1.0,cyb,False,2015Q3,退役,2023Q1,0
65,"ts_zscore(ts_zscore(ts_er(returns,5),5),3)",ga,1.0,cyb,False,2015Q3,退役,2022Q3,0
66,"ts_zscore(ts_zscore(delta(ts_zscore(ts_er(returns,5),5),5),5",ga,1.0,cyb,False,2015Q3,退役,2022Q2,0
67,"ts_zscore(ts_zscore(ts_er(ssqrt(ts_mean(volume,10)),5),120),",ga,-1.0,cyb,False,2015Q3,退役,2022Q2,0
68,"ts_er(ts_er(ts_zscore(returns,5),5),20)",ga,1.0,cyb,False,2015Q3,退役,2016Q1,0
69,"delta(ts_zscore(ts_zscore(ts_zscore(ts_zscore(returns,5),10)",ga,1.0,cyb,False,2015Q3,退役,2016Q3,0
70,"mul(returns,delta(ssqrt(returns),60))",ga,1.0,hongli,False,2015Q3,退役,2022Q1,0
71,"mul(returns,ts_corr(ts_decay_linear(high,40),ts_max(returns,",ga,1.0,hongli,False,2015Q3,退役,2019Q4,0
72,"ts_max(ts_argmax(volume,3),3)",ga,-1.0,hongli,False,2015Q3,退役,2024Q1,0
73,"mul(returns,ts_zscore(open,5))",ga,-1.0,hongli,False,2015Q3,退役,2019Q1,0
74,"div(high,open)",ga,1.0,hs300,False,2015Q4,退役,2021Q3,0
75,"ts_max(div(abs(open),high),10)",ga,-1.0,zz500,False,2015Q4,退役,2021Q4,0
76,"ts_std(ts_tsi(open,10),10)",ga,1.0,zz500,False,2015Q4,退役,2023Q2,0
77,"ema(abs(returns),120)",ga,1.0,zz1000,False,2015Q4,在役,,0
78,"ts_corr(low,amount,40)",ga,1.0,zz1000,False,2015Q4,退役,2018Q3,0
79,"ts_std(abs(high),10)",ga,1.0,zz1000,False,2015Q4,退役,2019Q4,0
80,"ts_er(div(low,close),5)",ga,-1.0,cyb,False,2015Q4,退役,2016Q1,0
81,"div(low,high)",ga,-1.0,cyb,False,2015Q4,退役,2020Q4,0
82,"mul(ts_std(close,3),ts_sum(volume,120))",ga,1.0,cyb,False,2015Q4,退役,2025Q4,0
83,"mul(mul(open,beta120),beta120)",ga,-1.0,cyb,False,2015Q4,退役,2017Q4,0
84,"ts_rank(sub(close,low),3)",ga,1.0,cyb,False,2015Q4,退役,2016Q3,0
85,"ts_er(ts_rank(returns,3),40)",ga,1.0,cyb,False,2015Q4,退役,2026Q3,0
86,"mul(low,ts_sum(beta120,120))",ga,-1.0,cyb,False,2015Q4,在役,,0
87,"div(div(low,ts_std(mul(high,beta120),120)),entropy120)",ga,-1.0,hongli,False,2015Q4,退役,2022Q1,0
88,"div(div(ts_max(returns,40),ts_std(returns,120)),ts_std(retur",ga,-1.0,hongli,False,2015Q4,退役,2022Q1,0
89,"ema(ts_rank(ts_argmin(close,244),5),5)",ga,1.0,hongli,False,2015Q4,退役,2024Q2,0
90,"div(open,high)",ga,-1.0,hongli,False,2015Q4,退役,2021Q4,0
91,"mul(ssqrt(ts_min(mul(div(entropy120,volume),div(open,beta120",ga,-1.0,zz500,False,2016Q1,在役,,0
92,"mul(ssqrt(ts_min(high,244)),ts_min(mul(entropy120,mul(div(lo",ga,-1.0,zz500,False,2016Q1,退役,2019Q2,0
93,"mul(ssqrt(ts_min(mul(div(low,volume),high),120)),ts_min(slog",ga,-1.0,zz500,False,2016Q1,在役,,0
94,"abs(div(high,open))",ga,1.0,zz500,False,2016Q1,退役,2026Q1,0
95,"mul(ssqrt(ts_min(ts_sum(ts_argmax(entropy120,5),10),244)),ts",ga,-1.0,zz500,False,2016Q1,在役,,0
96,"abs(ts_decay_linear(delay(returns,60),40))",ga,1.0,zz1000,False,2016Q1,退役,2023Q1,0
97,"ts_er(delay(volume,10),244)",ga,1.0,zz1000,False,2016Q1,退役,2016Q3,0
98,"add(returns,ts_std(ts_rank(returns,120),20))",ga,1.0,cyb,False,2016Q1,退役,2026Q1,0
99,"neg(ts_tsi(div(close,low),40))",ga,-1.0,cyb,False,2016Q1,退役,2018Q3,0
100,"mul(ts_corr(low,amount,40),beta120)",ga,-1.0,cyb,False,2016Q1,退役,2024Q4,0
101,"ssqrt(ts_tsi(returns,3))",ga,1.0,cyb,False,2016Q1,退役,2016Q4,0
102,"div(ssqrt(div(close,abs(returns))),ts_corr(ts_zscore(close,4",ga,-1.0,hongli,False,2016Q1,在役,,0
103,"div(ts_std(ts_tsi(open,20),10),ts_sum(abs(returns),120))",ga,-1.0,hongli,False,2016Q1,退役,2026Q2,0
104,"div(abs(ts_argmax(abs(returns),120)),abs(div(close,abs(retur",ga,1.0,hongli,False,2016Q1,退役,2022Q2,0
105,"div(abs(div(delta(ts_tsi(high,5),60),abs(returns))),ts_sum(a",ga,-1.0,hongli,False,2016Q1,退役,2022Q1,0
106,"div(close,abs(ts_sum(abs(returns),3)))",ga,-1.0,hongli,False,2016Q1,退役,2017Q3,0
107,"div(abs(div(close,abs(returns))),ts_sum(abs(div(entropy120,a",ga,-1.0,hongli,False,2016Q1,在役,,0
108,"ts_std(ts_tsi(volume,5),120)",ga,1.0,hs300,False,2016Q2,退役,2018Q4,0
109,"ts_argmax(amount,20)",ga,-1.0,hs300,False,2016Q2,退役,2017Q1,0
110,"div(close,low)",ga,1.0,zz500,False,2016Q2,退役,2018Q1,0
111,"mul(beta120,low)",ga,-1.0,zz500,False,2016Q2,在役,,0
112,"ts_std(ts_decay_linear(div(volume,close),20),5)",ga,1.0,zz500,False,2016Q2,在役,,0
113,"add(ema(ts_er(volume,120),20),delta(ts_std(volume,120),10))",ga,1.0,zz500,False,2016Q2,退役,2021Q3,0
114,"div(ts_mean(div(volume,beta120),244),low)",ga,1.0,zz500,False,2016Q2,在役,,0
115,"ts_mean(ts_argmax(ts_std(low,40),3),10)",ga,-1.0,zz1000,False,2016Q2,在役,,0
116,"ema(ts_argmin(ts_argmin(amount,20),40),20)",ga,-1.0,zz1000,False,2016Q2,退役,2022Q2,0
117,"ts_rank(ts_rank(delay(close,3),244),5)",ga,-1.0,cyb,False,2016Q2,在役,,0
118,"ts_rank(ema(div(low,high),120),5)",ga,-1.0,cyb,False,2016Q2,退役,2019Q1,0
119,"ts_zscore(ts_zscore(ts_er(slog(returns),40),3),3)",ga,1.0,cyb,False,2016Q2,在役,,0
120,"ts_rank(ts_rank(ts_rank(ts_rank(returns,20),5),5),5)",ga,1.0,cyb,False,2016Q2,退役,2016Q4,0
121,"ts_rank(ts_corr(volume,delay(low,40),120),40)",ga,-1.0,hongli,False,2016Q2,退役,2019Q3,0
122,"ts_std(ts_corr(amount,returns,10),244)",ga,-1.0,hongli,False,2016Q2,退役,2020Q2,0
123,"ts_rank(abs(returns),3)",ga,1.0,hongli,False,2016Q2,退役,2018Q1,0
124,"ts_std(high,5)",ga,1.0,hongli,False,2016Q2,退役,2023Q4,0
125,"ts_tsi(add(delta(amount,5),ema(high,120)),60)",ga,1.0,hongli,False,2016Q2,退役,2021Q1,0
126,"ts_corr(open,volume,20)",ga,1.0,hongli,False,2016Q2,退役,2021Q2,0
127,"ts_argmax(close,60)",ga,-1.0,hongli,False,2016Q2,退役,2021Q1,0
128,"mul(ts_std(returns,5),div(entropy120,low))",ga,1.0,zz500,False,2016Q3,退役,2025Q2,0
129,"slog(sub(div(open,entropy120),returns))",ga,-1.0,zz1000,False,2016Q3,在役,,0
130,"ts_std(ts_tsi(add(returns,high),40),3)",ga,1.0,zz1000,False,2016Q3,退役,2025Q1,0
131,"ts_zscore(ts_zscore(ts_zscore(ts_er(ts_zscore(returns,5),5),",ga,1.0,cyb,False,2016Q3,退役,2024Q3,0
132,"ts_er(ts_zscore(ts_er(ts_zscore(ts_zscore(returns,120),5),5)",ga,1.0,cyb,False,2016Q3,退役,2017Q2,0
133,"ts_zscore(ts_zscore(ts_slope(abs(returns),40),120),120)",ga,1.0,cyb,False,2016Q3,退役,2026Q2,0
134,"ts_zscore(ts_zscore(ts_slope(ts_rank(returns,5),5),5),120)",ga,1.0,cyb,False,2016Q3,退役,2026Q3,0
135,"ts_min(ssqrt(open),244)",ga,-1.0,cyb,False,2016Q3,退役,2021Q1,0
136,"ts_slope(volume,5)",ga,1.0,hongli,False,2016Q3,退役,2026Q1,0
137,"ts_argmax(abs(returns),10)",ga,-1.0,hongli,False,2016Q3,退役,2022Q3,0
138,"ts_zscore(abs(returns),10)",ga,1.0,hs300,False,2016Q4,退役,2025Q4,0
139,"abs(ts_std(close,3))",ga,1.0,hs300,False,2016Q4,退役,2021Q2,0
140,"div(div(div(ts_min(volume,60),volume),div(ts_min(low,60),div",ga,1.0,zz500,False,2016Q4,在役,,0
141,"div(abs(ts_min(div(ts_max(amount,60),ts_max(high,60)),60)),l",ga,1.0,zz500,False,2016Q4,在役,,0
142,"div(div(amount,abs(volume)),low)",ga,1.0,zz500,False,2016Q4,退役,2020Q4,0
143,"ts_decay_linear(high,40)",ga,-1.0,zz1000,False,2016Q4,在役,,0
144,"ts_argmax(delay(open,40),60)",ga,-1.0,zz1000,False,2016Q4,退役,2018Q3,0
145,"ts_argmax(delay(ts_min(low,3),5),40)",ga,-1.0,zz1000,False,2016Q4,退役,2021Q3,0
146,"neg(ts_argmax(delta(amount,5),20))",ga,1.0,zz1000,False,2016Q4,退役,2025Q3,0
147,"ts_min(amount,10)",ga,-1.0,zz1000,False,2016Q4,退役,2025Q1,0
148,"abs(ts_tsi(neg(low),20))",ga,1.0,zz1000,False,2016Q4,退役,2021Q4,0
149,"delta(ts_rank(ts_zscore(open,5),244),5)",ga,-1.0,cyb,False,2016Q4,退役,2026Q1,0
150,"ts_std(div(beta120,close),3)",ga,1.0,hongli,False,2016Q4,在役,,0
151,"ts_std(sub(ts_argmin(div(beta120,beta120),244),beta120),3)",ga,1.0,hongli,False,2016Q4,退役,2023Q3,0
152,"ts_min(ts_sum(open,5),120)",ga,-1.0,hongli,False,2016Q4,退役,2020Q4,0
153,"ts_std(div(div(high,beta120),close),3)",ga,1.0,hongli,False,2016Q4,退役,2019Q1,0
154,"add(abs(ts_slope(volume,3)),ts_zscore(slog(returns),120))",ga,1.0,hongli,False,2016Q4,退役,2018Q3,0
155,"ts_std(add(ts_decay_linear(volume,40),ts_max(low,5)),3)",ga,1.0,hongli,False,2016Q4,退役,2026Q1,0
156,"sub(low,high)",ga,-1.0,hongli,False,2016Q4,退役,2022Q1,0
157,"ts_corr(ts_zscore(high,40),close,120)",ga,-1.0,hs300,False,2017Q1,退役,2018Q2,0
158,"delta(beta120,5)",ga,-1.0,hs300,False,2017Q1,退役,2021Q3,0
159,"abs(ts_max(div(ts_decay_linear(mul(returns,beta120),10),beta",ga,1.0,zz500,False,2017Q1,退役,2025Q4,0
160,"abs(ema(returns,3))",ga,1.0,zz500,False,2017Q1,退役,2020Q3,0
161,"ts_max(low,244)",ga,-1.0,zz1000,False,2017Q1,退役,2024Q1,0
162,"sub(high,open)",ga,1.0,cyb,False,2017Q1,退役,2025Q3,0
163,"ts_rank(ssqrt(sub(high,open)),3)",ga,1.0,cyb,False,2017Q1,退役,2025Q4,0
164,"ts_rank(ts_er(open,5),3)",ga,-1.0,cyb,False,2017Q1,退役,2024Q2,0
165,"mul(returns,delta(returns,10))",ga,1.0,cyb,False,2017Q1,退役,2025Q1,0
166,"mul(high,beta120)",ga,-1.0,cyb,False,2017Q1,在役,,0
167,"ts_std(returns,20)",ga,1.0,cyb,False,2017Q1,退役,2020Q1,0
168,"delta(delay(sub(high,open),60),20)",ga,1.0,cyb,False,2017Q1,退役,2019Q2,0
169,"ts_rank(open,3)",ga,-1.0,cyb,False,2017Q1,退役,2023Q1,0
170,"div(sub(close,beta120),ts_zscore(amount,60))",ga,1.0,cyb,False,2017Q1,退役,2023Q4,0
171,"mul(abs(returns),ts_corr(high,volume,40))",ga,1.0,hongli,False,2017Q1,退役,2022Q1,0
172,"ts_sum(ts_corr(low,close,10),120)",ga,1.0,hongli,False,2017Q1,退役,2020Q1,0
173,"abs(ts_sum(returns,120))",ga,1.0,hongli,False,2017Q1,退役,2021Q1,0
174,"div(beta120,ts_corr(high,volume,20))",ga,-1.0,hongli,False,2017Q1,退役,2024Q4,0
175,"div(delay(entropy120,40),sub(high,low))",ga,-1.0,hs300,False,2017Q2,退役,2018Q3,0
176,"div(ts_tsi(ema(volume,3),3),abs(ssqrt(low)))",ga,1.0,hs300,False,2017Q2,退役,2026Q1,0
177,"ts_tsi(abs(slog(returns)),244)",ga,1.0,zz500,False,2017Q2,在役,,0
178,"add(slog(slog(returns)),ts_rank(ts_std(returns,3),10))",ga,1.0,zz1000,False,2017Q2,退役,2021Q2,0
179,"ts_argmin(div(open,high),5)",ga,-1.0,zz1000,False,2017Q2,退役,2024Q1,0
180,"ts_argmax(slog(returns),10)",ga,-1.0,zz1000,False,2017Q2,退役,2022Q1,0
181,"ts_std(ts_std(neg(returns),3),3)",ga,1.0,zz1000,False,2017Q2,退役,2020Q4,0
182,"abs(div(ts_mean(returns,20),amount))",ga,1.0,zz1000,False,2017Q2,退役,2025Q4,0
183,"ts_rank(div(low,close),5)",ga,-1.0,cyb,False,2017Q2,退役,2025Q2,0
184,"ts_decay_linear(neg(ts_argmax(entropy120,3)),20)",ga,1.0,cyb,False,2017Q2,退役,2024Q1,0
185,"ts_zscore(ts_slope(ts_rank(returns,244),5),5)",ga,1.0,cyb,False,2017Q2,退役,2025Q4,0
186,"ts_rank(ts_rank(ts_rank(ts_rank(ts_slope(returns,60),5),5),2",ga,1.0,cyb,False,2017Q2,退役,2026Q3,0
187,"ts_rank(ts_rank(ts_sum(returns,120),120),5)",ga,1.0,cyb,False,2017Q2,退役,2017Q3,0
188,"ts_rank(ts_rank(ts_rank(ts_rank(ts_rank(returns,5),5),60),5)",ga,1.0,cyb,False,2017Q2,退役,2017Q4,0
189,"sign(ts_argmin(add(entropy120,returns),40))",ga,1.0,cyb,False,2017Q2,退役,2024Q4,0
190,"ts_rank(div(high,low),20)",ga,1.0,hongli,False,2017Q2,退役,2025Q2,0
191,"div(neg(ts_std(entropy120,10)),volume)",ga,1.0,hongli,False,2017Q2,退役,2018Q2,0
192,"abs(div(close,ts_zscore(amount,244)))",ga,-1.0,hongli,False,2017Q2,退役,2025Q4,0
193,"ts_zscore(delta(volume,60),3)",ga,1.0,hongli,False,2017Q2,退役,2023Q3,0
194,"sub(ts_decay_linear(ts_tsi(returns,40),3),ts_tsi(volume,244)",ga,-1.0,hs300,False,2017Q3,退役,2021Q3,0
195,"ts_slope(amount,5)",ga,1.0,hs300,False,2017Q3,退役,2018Q3,0
196,"ts_tsi(ts_argmax(ts_tsi(entropy120,60),120),244)",ga,1.0,hs300,False,2017Q3,退役,2025Q1,0
197,"abs(ts_tsi(returns,120))",ga,1.0,hs300,False,2017Q3,退役,2021Q4,0
198,"ts_std(abs(volume),10)",ga,1.0,zz500,False,2017Q3,退役,2021Q3,0
199,"div(close,ts_std(close,3))",ga,-1.0,zz500,False,2017Q3,在役,,0
200,"div(ts_std(ts_std(neg(volume),244),244),open)",ga,1.0,zz500,False,2017Q3,在役,,0
201,"div(div(high,ts_std(neg(volume),244)),div(sub(volume,ts_deca",ga,-1.0,zz500,False,2017Q3,退役,2021Q2,0
202,"ts_slope(ts_min(ts_std(neg(volume),60),60),60)",ga,1.0,zz500,False,2017Q3,在役,,0
203,"abs(ts_slope(returns,3))",ga,1.0,zz1000,False,2017Q3,退役,2022Q1,0
204,"abs(ts_max(ssqrt(ema(returns,40)),3))",ga,1.0,zz1000,False,2017Q3,退役,2020Q4,0
205,"ts_zscore(sub(high,low),10)",ga,1.0,zz1000,False,2017Q3,在役,,0
206,"ts_std(neg(volume),5)",ga,1.0,zz1000,False,2017Q3,在役,,0
207,"abs(delta(returns,3))",ga,1.0,zz1000,False,2017Q3,退役,2025Q1,0
208,"mul(ts_max(returns,20),ts_rank(delta(returns,3),3))",ga,1.0,cyb,False,2017Q3,退役,2018Q3,0
209,"mul(ts_max(mul(ts_max(returns,20),ts_er(delta(open,120),60))",ga,1.0,cyb,False,2017Q3,退役,2025Q1,0
210,"mul(ts_max(returns,20),ts_rank(ts_std(returns,3),5))",ga,1.0,cyb,False,2017Q3,在役,,0
211,"ema(delay(volume,40),40)",ga,1.0,cyb,False,2017Q3,退役,2019Q1,0
212,"mul(ts_zscore(returns,120),ts_zscore(ts_zscore(returns,5),12",ga,1.0,cyb,False,2017Q3,退役,2020Q3,0
213,"div(ts_min(neg(volume),60),close)",ga,-1.0,cyb,False,2017Q3,在役,,0
214,"div(volume,delay(ts_rank(add(returns,amount),5),3))",ga,1.0,hongli,False,2017Q3,退役,2023Q3,0
215,"div(ssqrt(mul(ts_corr(add(amount,close),ts_sum(volume,10),10",ga,1.0,hongli,False,2017Q3,退役,2023Q1,0
216,"div(ts_tsi(volume,3),ts_mean(open,60))",ga,1.0,hongli,False,2017Q3,退役,2018Q3,0
217,"ts_min(ts_rank(volume,3),3)",ga,1.0,hs300,False,2017Q4,退役,2022Q1,0
218,"mul(ts_argmax(open,120),ts_rank(close,10))",ga,-1.0,hs300,False,2017Q4,在役,,0
219,"mul(ts_argmax(amount,120),ts_rank(close,10))",ga,-1.0,hs300,False,2017Q4,在役,,0
220,"ts_tsi(volume,3)",ga,1.0,hs300,False,2017Q4,退役,2018Q3,0
221,"sub(div(open,high),ts_max(delta(delay(returns,10),244),60))",ga,-1.0,zz500,False,2017Q4,退役,2026Q3,0
222,"ts_std(ssqrt(returns),3)",ga,1.0,zz1000,False,2017Q4,在役,,0
223,"mul(returns,ts_tsi(returns,3))",ga,1.0,zz1000,False,2017Q4,在役,,0
224,"add(mul(mul(returns,mul(returns,ts_argmin(beta120,3))),open)",ga,1.0,zz1000,False,2017Q4,在役,,0
225,"ts_rank(sign(ts_tsi(ssqrt(open),20)),5)",ga,1.0,cyb,False,2017Q4,退役,2019Q3,0
226,"ts_rank(delta(ts_zscore(open,244),5),120)",ga,-1.0,cyb,False,2017Q4,在役,,0
227,"ts_rank(ts_rank(ts_argmax(ts_rank(returns,244),120),5),5)",ga,-1.0,cyb,False,2017Q4,退役,2019Q4,0
228,"ts_min(returns,5)",ga,-1.0,cyb,False,2017Q4,退役,2025Q1,0
229,"mul(returns,sub(ts_decay_linear(returns,244),delta(delay(amo",ga,-1.0,cyb,False,2017Q4,退役,2024Q3,0
230,"ts_rank(open,5)",ga,-1.0,cyb,False,2017Q4,退役,2023Q2,0
231,"ts_min(ts_corr(beta120,beta120,3),5)",ga,-1.0,cyb,False,2017Q4,退役,2023Q3,0
232,"ts_std(high,20)",ga,1.0,cyb,False,2017Q4,退役,2026Q1,0
233,"div(volume,sub(ts_tsi(returns,10),ts_argmin(returns,10)))",ga,-1.0,hongli,False,2017Q4,退役,2023Q2,0
234,"ts_er(volume,244)",ga,1.0,hongli,False,2017Q4,退役,2026Q2,0
235,"ts_corr(open,amount,5)",ga,1.0,hongli,False,2017Q4,退役,2023Q1,0
236,"ts_std(delay(volume,20),40)",ga,1.0,hongli,False,2017Q4,在役,,0
237,"neg(ts_std(beta120,120))",ga,-1.0,hongli,False,2017Q4,在役,,0
238,"delta(delay(open,40),60)",ga,1.0,hs300,False,2018Q1,退役,2022Q3,0
239,"ts_std(ts_zscore(returns,5),5)",ga,1.0,hs300,False,2018Q1,退役,2021Q2,0
240,"mul(beta120,ts_zscore(ts_argmax(amount,20),10))",ga,-1.0,hs300,False,2018Q1,退役,2023Q3,0
241,"delay(ts_tsi(ts_tsi(high,60),60),40)",ga,1.0,hs300,False,2018Q1,退役,2023Q1,0
242,"ts_sum(ts_corr(high,entropy120,60),20)",ga,1.0,hs300,False,2018Q1,退役,2024Q4,0
243,"ts_tsi(ts_zscore(neg(volume),5),5)",ga,-1.0,hs300,False,2018Q1,退役,2026Q1,0
244,"neg(ts_zscore(ema(entropy120,3),120))",ga,1.0,hs300,False,2018Q1,退役,2025Q4,0
245,"sub(neg(ts_std(div(volume,open),244)),div(abs(returns),open)",ga,-1.0,zz500,False,2018Q1,退役,2023Q3,0
246,"ts_er(ts_slope(neg(volume),20),40)",ga,-1.0,zz500,False,2018Q1,退役,2026Q3,0
247,"div(volume,sign(delta(amount,40)))",ga,1.0,zz500,False,2018Q1,退役,2025Q2,0
248,"abs(ts_sum(ssqrt(returns),10))",ga,1.0,zz500,False,2018Q1,退役,2025Q4,0
249,"sub(sign(volume),abs(abs(ts_std(close,120))))",ga,-1.0,zz500,False,2018Q1,退役,2026Q3,0
250,"abs(mul(ts_mean(ts_argmax(beta120,120),60),returns))",ga,1.0,zz1000,False,2018Q1,在役,,0
251,"abs(mul(ts_mean(abs(returns),244),mul(entropy120,ts_std(volu",ga,1.0,zz1000,False,2018Q1,退役,2023Q1,0
252,"abs(mul(ts_tsi(abs(entropy120),244),returns))",ga,1.0,zz1000,False,2018Q1,在役,,1
253,"ts_std(ts_decay_linear(volume,20),5)",ga,1.0,zz1000,False,2018Q1,退役,2022Q4,0
254,"abs(delta(returns,10))",ga,1.0,zz1000,False,2018Q1,退役,2020Q3,0
255,"abs(slog(delta(volume,3)))",ga,1.0,zz1000,False,2018Q1,退役,2023Q1,0
256,"abs(delta(div(close,low),10))",ga,1.0,zz1000,False,2018Q1,退役,2023Q4,0
257,"ts_tsi(abs(returns),244)",ga,1.0,zz1000,False,2018Q1,在役,,0
258,"abs(mul(ts_mean(abs(returns),244),ts_zscore(open,3)))",ga,1.0,zz1000,False,2018Q1,退役,2024Q1,0
259,"ts_rank(ts_rank(ts_rank(ts_rank(ts_er(open,40),5),5),120),12",ga,-1.0,cyb,False,2018Q1,退役,2018Q3,0
260,"ts_argmax(delay(returns,40),5)",ga,-1.0,cyb,False,2018Q1,退役,2026Q2,0
261,"ts_std(ema(high,10),10)",ga,1.0,cyb,False,2018Q1,退役,2025Q4,0
262,"ts_tsi(entropy120,3)",ga,1.0,cyb,False,2018Q1,退役,2024Q4,0
263,"ts_argmax(neg(returns),5)",ga,1.0,cyb,False,2018Q1,退役,2024Q1,0
264,"ts_argmin(abs(returns),3)",ga,1.0,cyb,False,2018Q1,退役,2022Q2,0
265,"ts_corr(high,high,40)",ga,1.0,hongli,False,2018Q1,退役,2021Q2,0
266,"div(close,abs(ts_max(amount,244)))",ga,-1.0,hongli,False,2018Q1,在役,,0
267,"div(high,mul(ts_mean(ts_er(open,3),244),volume))",ga,1.0,hongli,False,2018Q1,在役,,0
268,"div(ts_argmax(div(ts_argmax(high,60),mul(volume,mul(volume,v",ga,-1.0,hongli,False,2018Q1,在役,,0
269,"ts_rank(ts_rank(sub(low,high),244),5)",ga,-1.0,hs300,False,2018Q2,退役,2018Q4,0
270,"ts_argmax(volume,5)",ga,-1.0,hs300,False,2018Q2,退役,2022Q1,0
271,"slog(mul(ts_argmax(beta120,20),ts_sum(amount,3)))",ga,1.0,hs300,False,2018Q2,退役,2025Q4,0
272,"ts_argmax(add(high,neg(close)),5)",ga,-1.0,hs300,False,2018Q2,退役,2023Q4,0
273,"ts_rank(sub(close,high),244)",ga,-1.0,hs300,False,2018Q2,在役,,0
274,"div(ts_std(volume,120),open)",ga,1.0,zz500,False,2018Q2,在役,,1
275,"div(ts_std(ts_std(volume,5),10),open)",ga,1.0,zz500,False,2018Q2,退役,2019Q1,0
276,"ts_std(delta(volume,60),10)",ga,1.0,zz500,False,2018Q2,退役,2022Q1,0
277,"abs(mul(delta(volume,5),returns))",ga,1.0,zz1000,False,2018Q2,退役,2025Q4,0
278,"abs(mul(ts_slope(abs(returns),120),returns))",ga,1.0,zz1000,False,2018Q2,在役,,1
279,"abs(mul(ts_argmax(entropy120,120),returns))",ga,1.0,zz1000,False,2018Q2,在役,,0
280,"ts_std(div(close,low),3)",ga,1.0,zz1000,False,2018Q2,在役,,0
281,"mul(ts_zscore(ts_rank(ts_rank(ts_rank(returns,120),120),5),5",ga,1.0,cyb,False,2018Q2,退役,2024Q1,0
282,"ts_rank(neg(ts_argmin(ts_slope(volume,20),5)),20)",ga,1.0,cyb,False,2018Q2,退役,2024Q2,0
283,"ts_rank(neg(div(returns,ts_sum(returns,40))),5)",ga,-1.0,cyb,False,2018Q2,退役,2019Q3,0
284,"neg(div(high,ts_zscore(returns,5)))",ga,-1.0,cyb,False,2018Q2,退役,2018Q3,0
285,"mul(ts_zscore(ts_rank(ts_rank(ts_rank(returns,120),120),5),5",ga,1.0,cyb,False,2018Q2,退役,2019Q4,0
286,"ts_argmin(slog(ts_std(amount,120)),3)",ga,1.0,cyb,False,2018Q2,退役,2022Q3,0
287,"ts_corr(low,sign(returns),20)",ga,-1.0,cyb,False,2018Q2,退役,2022Q3,0
288,"ts_argmin(slog(ts_std(volume,120)),3)",ga,1.0,cyb,False,2018Q2,退役,2022Q3,0
289,"ts_sum(ts_rank(entropy120,5),40)",ga,1.0,cyb,False,2018Q2,退役,2018Q3,0
290,"div(volume,sub(ts_std(ssqrt(volume),5),close))",ga,1.0,hongli,False,2018Q2,退役,2023Q3,0
291,"ts_std(abs(div(ts_argmax(low,120),ts_decay_linear(amount,244",ga,-1.0,hongli,False,2018Q2,退役,2018Q4,0
292,"ts_std(abs(ts_std(open,244)),5)",ga,1.0,hongli,False,2018Q2,退役,2021Q1,0
293,"ts_corr(ts_er(open,120),high,3)",ga,1.0,hongli,False,2018Q2,退役,2021Q1,0
294,"ts_std(ts_sum(ts_decay_linear(close,5),120),60)",ga,1.0,hs300,False,2018Q3,退役,2024Q3,0
295,"ts_zscore(abs(returns),3)",ga,1.0,hs300,False,2018Q3,退役,2025Q1,0
296,"add(ssqrt(ts_max(returns,3)),abs(returns))",ga,1.0,zz500,False,2018Q3,退役,2020Q1,0
297,"div(low,ts_std(sub(low,close),3))",ga,-1.0,zz500,False,2018Q3,在役,,0
298,"ts_tsi(abs(returns),10)",ga,1.0,zz500,False,2018Q3,退役,2026Q3,0
299,"add(ssqrt(ts_max(entropy120,3)),ssqrt(slog(abs(returns))))",ga,1.0,zz500,False,2018Q3,退役,2025Q4,0
300,"neg(ts_argmax(amount,20))",ga,1.0,zz500,False,2018Q3,退役,2021Q2,0
301,"ts_std(neg(ts_std(volume,3)),60)",ga,1.0,zz500,False,2018Q3,退役,2026Q1,0
302,"ts_std(ssqrt(abs(div(low,close))),3)",ga,1.0,zz1000,False,2018Q3,退役,2021Q1,0
303,"ssqrt(abs(div(ts_decay_linear(slog(returns),120),close)))",ga,1.0,zz1000,False,2018Q3,退役,2025Q2,0
304,"ts_std(abs(ema(abs(returns),3)),3)",ga,1.0,zz1000,False,2018Q3,退役,2023Q3,0
305,"ts_std(mul(ts_zscore(beta120,10),ts_min(beta120,244)),3)",ga,1.0,zz1000,False,2018Q3,退役,2026Q2,0
306,"ts_corr(returns,ts_rank(div(open,close),20),3)",ga,1.0,cyb,False,2018Q3,退役,2022Q2,0
307,"div(low,ts_zscore(returns,5))",ga,1.0,cyb,False,2018Q3,退役,2025Q2,0
308,"ts_zscore(sub(low,sub(high,open)),5)",ga,-1.0,cyb,False,2018Q3,在役,,0
309,"delay(delta(ts_corr(open,div(low,close),244),3),5)",ga,-1.0,cyb,False,2018Q3,退役,2026Q1,0
310,"ts_rank(mul(ts_zscore(close,10),ts_er(volume,244)),60)",ga,1.0,hongli,False,2018Q3,退役,2025Q1,0
311,"ts_argmax(div(abs(low),ts_sum(volume,5)),3)",ga,1.0,hongli,False,2018Q3,退役,2022Q1,0
312,"div(mul(volume,ts_std(returns,20)),div(mul(volume,ts_std(ret",ga,-1.0,hongli,False,2018Q3,退役,2025Q1,0
313,"mul(volume,ts_tsi(volume,3))",ga,1.0,hongli,False,2018Q3,退役,2018Q4,0
314,"div(mul(volume,ts_std(returns,3)),mul(ts_tsi(close,10),low))",ga,1.0,hongli,False,2018Q3,退役,2021Q1,0
315,"div(open,ema(ts_tsi(volume,10),40))",ga,1.0,hongli,False,2018Q3,退役,2022Q3,0
316,"ts_rank(mul(ts_zscore(amount,10),ts_er(volume,244)),60)",ga,1.0,hongli,False,2018Q3,在役,,0
317,"ts_argmax(delta(beta120,60),120)",ga,1.0,hs300,False,2018Q4,在役,,0
318,"ts_argmin(ts_mean(abs(open),10),120)",ga,1.0,hs300,False,2018Q4,在役,,0
319,"ts_tsi(amount,3)",ga,1.0,hs300,False,2018Q4,退役,2019Q1,0
320,"div(close,ts_std(volume,244))",ga,-1.0,zz500,False,2018Q4,在役,,0
321,"abs(ts_std(returns,60))",ga,1.0,zz500,False,2018Q4,退役,2022Q2,0
322,"ts_std(low,60)",ga,1.0,zz500,False,2018Q4,退役,2020Q1,0
323,"abs(ts_max(ts_min(returns,20),20))",ga,1.0,zz500,False,2018Q4,退役,2026Q1,0
324,"ts_max(returns,3)",ga,1.0,zz1000,False,2018Q4,退役,2020Q1,0
325,"ts_max(ts_std(returns,10),60)",ga,1.0,zz1000,False,2018Q4,退役,2023Q3,0
326,"ts_std(close,10)",ga,1.0,zz1000,False,2018Q4,退役,2025Q4,0
327,"abs(delta(close,10))",ga,1.0,zz1000,False,2018Q4,退役,2025Q4,0
328,"delay(ts_zscore(close,244),120)",ga,1.0,zz1000,False,2018Q4,退役,2019Q3,0
329,"ts_sum(ts_std(close,40),5)",ga,1.0,zz1000,False,2018Q4,退役,2022Q4,0
330,"ts_zscore(mul(beta120,close),120)",ga,-1.0,cyb,False,2018Q4,在役,,0
331,"ts_min(delta(returns,10),5)",ga,-1.0,cyb,False,2018Q4,退役,2023Q4,0
332,"div(ts_zscore(returns,10),div(ts_zscore(returns,3),ts_max(ad",ga,1.0,cyb,False,2018Q4,退役,2020Q1,0
333,"ts_corr(ts_decay_linear(amount,40),ts_max(amount,3),10)",ga,1.0,cyb,False,2018Q4,退役,2024Q2,0
334,"ts_zscore(ts_zscore(low,3),3)",ga,-1.0,cyb,False,2018Q4,退役,2023Q3,0
335,"delta(ts_min(returns,20),120)",ga,-1.0,cyb,False,2018Q4,退役,2023Q2,0
336,"ts_std(ts_std(ts_std(volume,244),244),3)",ga,1.0,hongli,False,2018Q4,退役,2020Q4,0
337,"ts_std(mul(ts_decay_linear(amount,60),ts_mean(open,20)),3)",ga,1.0,hongli,False,2018Q4,退役,2025Q4,0
338,"ts_tsi(volume,244)",ga,1.0,hongli,False,2018Q4,退役,2021Q3,0
339,"ts_std(ema(mul(entropy120,volume),40),5)",ga,1.0,hs300,False,2019Q1,退役,2026Q3,0
340,"div(ts_sum(abs(open),5),mul(sub(open,ts_std(ts_std(volume,40",ga,1.0,hs300,False,2019Q1,退役,2025Q2,0
341,"div(ts_argmin(abs(open),5),mul(sub(open,ts_std(ts_std(volume",ga,1.0,hs300,False,2019Q1,退役,2019Q4,0
342,"ts_std(slog(sub(ts_max(amount,10),ts_mean(entropy120,244))),",ga,1.0,hs300,False,2019Q1,退役,2024Q1,0
343,"ts_std(ema(ssqrt(volume),5),5)",ga,1.0,hs300,False,2019Q1,退役,2025Q4,0
344,"ts_min(close,244)",ga,-1.0,hs300,False,2019Q1,在役,,0
345,"ts_rank(sub(delay(returns,5),ts_std(ts_argmax(amount,20),5))",ga,-1.0,hs300,False,2019Q1,退役,2025Q4,0
346,"ts_std(ts_corr(open,ts_zscore(amount,5),60),5)",ga,1.0,hs300,False,2019Q1,退役,2023Q2,0
347,"ts_argmin(delta(close,40),60)",ga,-1.0,hs300,False,2019Q1,退役,2022Q2,0
348,"ts_tsi(ts_er(mul(high,amount),244),3)",ga,1.0,hs300,False,2019Q1,退役,2019Q2,0
349,"div(sub(low,ts_std(high,40)),close)",ga,-1.0,zz500,False,2019Q1,退役,2019Q4,0
350,"abs(mul(mul(div(low,ts_std(high,10)),div(sub(low,high),retur",ga,-1.0,zz500,False,2019Q1,退役,2025Q4,0
351,"ts_std(open,10)",ga,1.0,zz500,False,2019Q1,退役,2025Q4,0
352,"div(sub(low,ts_std(high,10)),open)",ga,-1.0,zz500,False,2019Q1,退役,2025Q4,0
353,"ts_corr(ts_argmin(ema(ssqrt(ts_tsi(returns,20)),60),20),ts_s",ga,-1.0,zz1000,False,2019Q1,退役,2025Q2,0
354,"ts_argmax(returns,60)",ga,-1.0,zz1000,False,2019Q1,退役,2021Q1,0
355,"ts_std(ts_slope(ssqrt(close),10),40)",ga,1.0,zz1000,False,2019Q1,在役,,0
356,"ts_std(ts_decay_linear(low,10),40)",ga,1.0,zz1000,False,2019Q1,退役,2020Q2,0
357,"ts_min(ts_mean(ts_std(open,40),20),5)",ga,1.0,zz1000,False,2019Q1,退役,2020Q1,0
358,"abs(mul(ts_tsi(volume,60),volume))",ga,1.0,hongli,False,2019Q1,退役,2025Q2,0
359,"mul(abs(ts_tsi(neg(high),40)),volume)",ga,1.0,hongli,False,2019Q1,退役,2021Q1,0
360,"ts_er(amount,3)",ga,1.0,hongli,False,2019Q1,退役,2026Q3,0
361,"div(div(close,sub(low,high)),ts_std(sub(open,div(low,sub(low",ga,1.0,zz500,False,2019Q2,在役,,0
362,"div(div(low,sub(low,high)),ts_std(sub(ts_std(sub(open,close)",ga,1.0,zz500,False,2019Q2,退役,2025Q4,0
363,"div(open,ts_std(sub(sub(low,close),high),3))",ga,-1.0,zz500,False,2019Q2,在役,,1
364,"add(abs(returns),ts_mean(returns,3))",ga,1.0,zz1000,False,2019Q2,退役,2025Q3,0
365,"add(abs(returns),ts_std(add(beta120,returns),5))",ga,1.0,zz1000,False,2019Q2,退役,2021Q2,0
366,"ts_std(add(abs(returns),ts_std(returns,3)),3)",ga,1.0,zz1000,False,2019Q2,在役,,0
367,"ts_std(add(ts_mean(returns,3),slog(abs(returns))),5)",ga,1.0,zz1000,False,2019Q2,在役,,0
368,"ssqrt(ts_std(close,3))",ga,1.0,hongli,False,2019Q2,在役,,0
369,"ts_std(ts_std(open,244),3)",ga,1.0,hongli,False,2019Q2,退役,2023Q3,0
370,"slog(ts_decay_linear(beta120,20))",ga,1.0,hs300,False,2019Q3,退役,2023Q2,0
371,"ts_rank(beta120,3)",ga,-1.0,hs300,False,2019Q3,退役,2023Q4,0
372,"abs(div(high,ts_er(volume,20)))",ga,-1.0,hs300,False,2019Q3,退役,2023Q2,0
373,"abs(ts_corr(high,delta(close,120),20))",ga,1.0,hs300,False,2019Q3,退役,2020Q4,0
374,"div(div(div(ts_std(returns,3),beta120),ts_std(sub(returns,be",ga,-1.0,zz500,False,2019Q3,在役,,0
375,"div(div(ts_std(returns,10),beta120),beta120)",ga,1.0,zz500,False,2019Q3,在役,,0
376,"div(div(ts_std(div(ts_std(returns,3),beta120),3),beta120),be",ga,1.0,zz500,False,2019Q3,退役,2025Q1,0
377,"ts_std(open,40)",ga,1.0,zz500,False,2019Q3,在役,,1
378,"abs(div(ts_std(div(ts_std(returns,10),beta120),10),beta120))",ga,1.0,zz500,False,2019Q3,退役,2021Q3,0
379,"ts_std(ema(slog(amount),60),3)",ga,1.0,zz1000,False,2019Q3,退役,2022Q3,0
380,"abs(ts_std(ts_max(high,10),20))",ga,1.0,zz1000,False,2019Q3,退役,2026Q2,0
381,"ts_std(high,3)",ga,1.0,zz1000,False,2019Q3,退役,2026Q1,0
382,"ts_er(sub(open,high),40)",ga,-1.0,hongli,False,2019Q3,退役,2025Q3,0
383,"abs(delta(returns,20))",ga,1.0,hongli,False,2019Q3,在役,,0
384,"ts_rank(ts_slope(volume,20),5)",ga,1.0,hongli,False,2019Q3,退役,2026Q2,0
385,"ts_slope(ts_tsi(volume,60),10)",ga,1.0,hongli,False,2019Q3,退役,2022Q4,0
386,"div(close,high)",ga,-1.0,hongli,False,2019Q3,退役,2026Q2,0
387,"sub(open,abs(ts_max(volume,244)))",ga,-1.0,hs300,False,2019Q4,在役,,0
388,"abs(ts_slope(ssqrt(returns),40))",ga,1.0,hs300,False,2019Q4,退役,2023Q4,0
389,"add(slog(delay(volume,20)),slog(ts_max(volume,244)))",ga,1.0,hs300,False,2019Q4,退役,2024Q2,0
390,"ts_mean(ts_argmax(ts_std(slog(neg(open)),40),10),244)",ga,-1.0,zz500,False,2019Q4,退役,2020Q2,0
391,"ts_decay_linear(ts_zscore(ts_slope(amount,5),5),244)",ga,-1.0,zz500,False,2019Q4,退役,2024Q4,0
392,"ts_std(add(high,amount),10)",ga,1.0,zz500,False,2019Q4,在役,,0
393,"div(low,abs(ts_max(amount,120)))",ga,-1.0,zz500,False,2019Q4,在役,,0
394,"ts_argmax(ts_decay_linear(abs(returns),244),3)",ga,-1.0,zz1000,False,2019Q4,退役,2021Q2,0
395,"abs(ts_std(high,10))",ga,1.0,zz1000,False,2019Q4,在役,,0
396,"ts_std(returns,10)",ga,1.0,zz1000,False,2019Q4,在役,,0
397,"ts_std(returns,40)",ga,1.0,zz1000,False,2019Q4,在役,,0
398,"ts_zscore(ts_std(low,20),244)",ga,1.0,zz1000,False,2019Q4,在役,,0
399,"abs(ts_slope(low,3))",ga,1.0,zz1000,False,2019Q4,退役,2024Q1,0
400,"ts_argmax(returns,244)",ga,-1.0,zz1000,False,2019Q4,退役,2024Q2,0
401,"delay(delay(ts_std(beta120,10),60),60)",ga,1.0,hongli,False,2019Q4,退役,2020Q3,0
402,"ts_max(ts_sum(ts_std(sub(entropy120,delay(returns,3)),10),24",ga,1.0,hongli,False,2019Q4,退役,2026Q1,0
403,"ts_max(delay(ts_std(beta120,10),244),60)",ga,1.0,hongli,False,2019Q4,在役,,0
404,"slog(div(amount,delta(close,20)))",ga,1.0,hongli,False,2019Q4,在役,,1
405,"ts_er(ts_argmax(slog(volume),5),40)",ga,-1.0,hongli,False,2019Q4,退役,2025Q2,0
406,"ts_er(ts_zscore(slog(volume),10),244)",ga,1.0,hs300,False,2020Q1,退役,2020Q4,0
407,"delay(ts_corr(amount,volume,5),120)",ga,-1.0,hs300,False,2020Q1,在役,,1
408,"ts_std(mul(neg(returns),mul(ts_zscore(volume,120),ts_std(hig",ga,1.0,zz500,False,2020Q1,退役,2026Q1,0
409,"abs(delta(mul(volume,abs(mul(returns,volume))),120))",ga,1.0,zz500,False,2020Q1,在役,,0
410,"ts_std(mul(neg(neg(returns)),mul(delta(volume,120),ts_std(hi",ga,1.0,zz500,False,2020Q1,退役,2026Q2,0
411,"ts_std(mul(neg(returns),mul(div(ts_slope(volume,60),ts_corr(",ga,1.0,zz500,False,2020Q1,在役,,0
412,"abs(mul(mul(returns,mul(ts_max(beta120,120),ts_std(high,10))",ga,1.0,zz500,False,2020Q1,退役,2025Q4,0
413,"abs(mul(mul(returns,mul(ts_max(returns,120),ts_std(high,10))",ga,1.0,zz500,False,2020Q1,退役,2026Q2,0
414,"ts_std(add(returns,ts_min(close,60)),3)",ga,1.0,zz500,False,2020Q1,在役,,0
415,"ts_std(div(close,high),3)",ga,1.0,zz1000,False,2020Q1,在役,,0
416,"ts_std(div(slog(open),ts_mean(close,40)),3)",ga,1.0,zz1000,False,2020Q1,退役,2024Q3,0
417,"ts_decay_linear(div(open,high),3)",ga,-1.0,zz1000,False,2020Q1,退役,2024Q1,0
418,"abs(ts_std(high,3))",ga,1.0,zz1000,False,2020Q1,退役,2022Q4,0
419,"abs(slog(ts_slope(high,40)))",ga,1.0,zz1000,False,2020Q1,退役,2022Q2,0
420,"ts_min(ts_corr(ts_decay_linear(beta120,3),ssqrt(volume),244)",ga,-1.0,zz1000,False,2020Q1,退役,2026Q2,0
421,"abs(ts_slope(returns,5))",ga,1.0,zz1000,False,2020Q1,退役,2025Q4,0
422,"ts_corr(ts_zscore(abs(volume),10),beta120,244)",ga,1.0,hongli,False,2020Q1,退役,2025Q2,0
423,"ts_tsi(ts_zscore(abs(volume),10),244)",ga,1.0,hongli,False,2020Q1,退役,2021Q3,0
424,"abs(mul(returns,ts_slope(open,40)))",ga,1.0,hs300,False,2020Q2,退役,2025Q2,0
425,"ts_std(mul(mul(returns,ts_zscore(high,20)),ema(ts_argmin(ope",ga,1.0,zz500,False,2020Q2,退役,2025Q4,0
426,"ts_std(mul(returns,ts_zscore(amount,20)),3)",ga,1.0,zz500,False,2020Q2,在役,,0
427,"ts_std(div(mul(mul(returns,ts_zscore(high,20)),ts_std(ts_mea",ga,1.0,zz500,False,2020Q2,在役,,0
428,"ts_std(mul(volume,mul(mul(ts_std(returns,3),ts_zscore(high,2",ga,1.0,zz500,False,2020Q2,在役,,0
429,"ts_max(mul(volume,mul(mul(returns,ts_zscore(high,20)),ts_sum",ga,1.0,zz500,False,2020Q2,退役,2025Q4,0
430,"ts_std(mul(returns,ts_zscore(open,20)),3)",ga,1.0,zz500,False,2020Q2,在役,,0
431,"abs(mul(mul(returns,ts_zscore(high,20)),ts_decay_linear(retu",ga,1.0,zz500,False,2020Q2,退役,2025Q4,0
432,"ts_std(mul(mul(returns,ts_zscore(high,20)),ts_rank(entropy12",ga,1.0,zz500,False,2020Q2,在役,,0
433,"ts_std(mul(returns,ts_zscore(high,120)),3)",ga,1.0,zz500,False,2020Q2,在役,,1
434,"ts_std(mul(volume,mul(returns,ts_sum(ts_sum(returns,3),60)))",ga,1.0,zz500,False,2020Q2,退役,2026Q2,0
435,"abs(ts_sum(ts_sum(returns,20),20))",ga,1.0,zz1000,False,2020Q2,退役,2020Q3,0
436,"ts_max(ssqrt(returns),10)",ga,1.0,zz1000,False,2020Q2,退役,2025Q1,0
437,"ts_zscore(delta(sub(open,close),5),10)",ga,-1.0,zz1000,False,2020Q2,退役,2024Q3,0
438,"abs(abs(ts_sum(delay(returns,3),10)))",ga,1.0,zz1000,False,2020Q2,退役,2025Q3,0
439,"abs(slog(slog(ts_zscore(returns,20))))",ga,1.0,hongli,False,2020Q2,在役,,0
440,"ts_argmax(ts_decay_linear(volume,20),10)",ga,-1.0,hongli,False,2020Q2,退役,2020Q4,0
441,"delta(mul(volume,amount),40)",ga,1.0,hongli,False,2020Q2,退役,2025Q4,0
442,"ssqrt(slog(mul(returns,ema(delta(returns,244),244))))",ga,1.0,hs300,False,2020Q3,退役,2024Q1,0
443,"sub(ts_min(ts_std(low,3),244),ts_er(mul(returns,returns),10)",ga,-1.0,hs300,False,2020Q3,退役,2024Q4,0
444,"ts_min(entropy120,244)",ga,-1.0,hs300,False,2020Q3,退役,2026Q3,0
445,"ts_std(ts_decay_linear(returns,10),3)",ga,1.0,zz500,False,2020Q3,在役,,0
446,"ema(abs(ema(slog(returns),3)),3)",ga,1.0,zz500,False,2020Q3,退役,2025Q4,0
447,"ts_std(div(abs(sub(open,close)),beta120),3)",ga,1.0,zz500,False,2020Q3,在役,,0
448,"ts_std(div(div(ts_std(sub(open,close),3),beta120),beta120),3",ga,1.0,zz500,False,2020Q3,退役,2025Q1,0
449,"ema(abs(abs(div(ts_zscore(amount,20),beta120))),3)",ga,1.0,zz500,False,2020Q3,在役,,0
450,"ts_std(div(open,beta120),3)",ga,1.0,zz500,False,2020Q3,在役,,0
451,"ts_mean(abs(returns),10)",ga,1.0,zz1000,False,2020Q3,在役,,0
452,"ts_std(ts_mean(ts_max(returns,10),20),3)",ga,1.0,zz1000,False,2020Q3,退役,2021Q2,0
453,"div(add(close,mul(ts_std(volume,10),delay(volume,120))),ts_m",ga,1.0,zz1000,False,2020Q3,退役,2021Q4,0
454,"abs(mul(ts_std(entropy120,120),abs(mul(ts_slope(volume,10),t",ga,1.0,hongli,False,2020Q3,在役,,0
455,"abs(mul(mul(ts_slope(ts_slope(volume,3),40),mul(ts_slope(vol",ga,1.0,hongli,False,2020Q3,退役,2026Q2,0
456,"abs(mul(ts_slope(volume,10),ts_tsi(entropy120,120)))",ga,1.0,hongli,False,2020Q3,退役,2026Q2,0
457,"abs(mul(ts_slope(volume,10),ts_slope(volume,60)))",ga,1.0,hongli,False,2020Q3,退役,2026Q2,0
458,"abs(mul(mul(ts_std(entropy120,120),mul(ts_slope(volume,10),t",ga,1.0,hongli,False,2020Q3,在役,,0
459,"abs(mul(mul(ts_slope(ts_slope(volume,3),40),delta(volume,244",ga,1.0,hongli,False,2020Q3,在役,,0
460,"abs(mul(ts_slope(volume,10),ts_slope(volume,10)))",ga,1.0,hongli,False,2020Q3,退役,2026Q2,0
461,"abs(mul(mul(ts_slope(volume,10),ts_slope(ts_std(entropy120,1",ga,1.0,hongli,False,2020Q3,在役,,0
462,"abs(mul(ts_slope(returns,3),abs(mul(ts_slope(volume,10),ts_s",ga,1.0,hongli,False,2020Q3,在役,,0
463,"abs(mul(mul(ts_std(entropy120,120),mul(entropy120,ts_slope(v",ga,1.0,hongli,False,2020Q3,在役,,0
464,"ts_std(div(sub(ts_decay_linear(amount,40),mul(high,low)),ent",ga,1.0,hs300,False,2020Q4,退役,2022Q2,0
465,"div(ssqrt(returns),ts_zscore(low,120))",ga,1.0,hs300,False,2020Q4,退役,2025Q1,0
466,"ts_rank(ts_argmin(close,5),60)",ga,-1.0,hs300,False,2020Q4,在役,,0
467,"ts_std(div(delta(close,5),ts_min(delta(low,5),244)),3)",ga,1.0,hs300,False,2020Q4,在役,,0
468,"ts_std(div(mul(returns,ts_corr(open,returns,244)),beta120),3",ga,1.0,zz500,False,2020Q4,在役,,0
469,"ts_std(div(add(returns,ts_tsi(ts_mean(high,40),244)),beta120",ga,1.0,zz500,False,2020Q4,在役,,0
470,"abs(ts_std(sub(ema(high,20),ts_decay_linear(high,60)),3))",ga,1.0,zz500,False,2020Q4,在役,,0
471,"ssqrt(div(beta120,add(returns,ts_std(div(returns,beta120),3)",ga,-1.0,zz500,False,2020Q4,在役,,1
472,"ts_std(div(add(returns,ts_corr(open,returns,244)),beta120),1",ga,1.0,zz500,False,2020Q4,退役,2023Q3,0
473,"abs(div(ts_std(div(open,beta120),3),beta120))",ga,1.0,zz500,False,2020Q4,在役,,0
474,"ts_std(ema(abs(amount),10),3)",ga,1.0,zz500,False,2020Q4,在役,,0
475,"ts_std(ts_std(div(add(returns,ts_corr(open,returns,244)),bet",ga,1.0,zz500,False,2020Q4,退役,2023Q3,0
476,"neg(div(high,low))",ga,-1.0,zz1000,False,2020Q4,在役,,0
477,"ts_std(div(ts_mean(returns,3),close),3)",ga,1.0,zz1000,False,2020Q4,退役,2025Q1,0
478,"ts_std(ts_std(returns,3),5)",ga,1.0,zz1000,False,2020Q4,在役,,0
479,"ts_std(ts_slope(abs(high),3),3)",ga,1.0,zz1000,False,2020Q4,退役,2025Q1,0
480,"ts_argmax(returns,40)",ga,-1.0,zz1000,False,2020Q4,退役,2022Q2,0
481,"ts_std(div(high,low),3)",ga,1.0,zz1000,False,2020Q4,在役,,0
482,"add(ssqrt(slog(volume)),ts_corr(amount,ts_std(delay(ts_std(v",ga,1.0,hongli,False,2020Q4,退役,2026Q3,0
483,"add(ssqrt(slog(volume)),ts_corr(amount,sub(delay(ts_std(volu",ga,1.0,hongli,False,2020Q4,在役,,1
484,"mul(sub(delay(ts_std(volume,3),120),volume),delay(ts_std(vol",ga,-1.0,hongli,False,2020Q4,在役,,0
485,"mul(sub(delay(ts_std(volume,3),120),volume),ts_std(entropy12",ga,-1.0,hongli,False,2020Q4,在役,,0
486,"abs(ts_tsi(amount,10))",ga,1.0,hongli,False,2020Q4,在役,,0
487,"ts_max(entropy120,120)",ga,1.0,hongli,False,2020Q4,退役,2025Q4,0
488,"ts_std(ts_max(close,120),3)",ga,1.0,hongli,False,2020Q4,退役,2023Q3,0
489,"abs(mul(volume,mul(ts_zscore(div(amount,entropy120),10),ts_z",ga,1.0,hs300,False,2021Q1,退役,2026Q3,0
490,"abs(ts_zscore(div(amount,entropy120),10))",ga,1.0,hs300,False,2021Q1,在役,,1
491,"abs(mul(volume,mul(ts_zscore(div(amount,entropy120),10),ts_t",ga,1.0,hs300,False,2021Q1,在役,,0
492,"abs(mul(mul(amount,entropy120),mul(ts_slope(ts_max(low,10),4",ga,1.0,hs300,False,2021Q1,退役,2021Q2,0
493,"ts_er(abs(returns),3)",ga,1.0,hs300,False,2021Q1,退役,2026Q2,0
494,"abs(mul(mul(volume,ts_zscore(amount,10)),ts_tsi(ts_argmax(cl",ga,1.0,hs300,False,2021Q1,退役,2024Q1,0
495,"mul(mul(returns,returns),sub(mul(mul(returns,returns),sub(cl",ga,1.0,zz500,False,2021Q1,在役,,0
496,"slog(ts_std(low,3))",ga,1.0,zz500,False,2021Q1,退役,2024Q3,0
497,"delay(ts_tsi(ssqrt(amount),244),120)",ga,1.0,zz1000,False,2021Q1,退役,2021Q2,0
498,"delay(ts_sum(returns,244),120)",ga,1.0,zz1000,False,2021Q1,退役,2025Q1,0
499,"ts_std(ts_max(returns,3),5)",ga,1.0,zz1000,False,2021Q1,在役,,0
500,"ts_corr(ema(beta120,10),volume,244)",ga,-1.0,zz1000,False,2021Q1,退役,2026Q2,0
501,"ts_argmax(mul(returns,open),40)",ga,-1.0,zz1000,False,2021Q1,退役,2021Q3,0
502,"add(ts_zscore(volume,5),ts_min(ts_std(high,3),120))",ga,1.0,hongli,False,2021Q1,退役,2026Q1,0
503,"ts_std(ts_std(delta(amount,60),40),3)",ga,1.0,hs300,False,2021Q2,退役,2022Q2,0
504,"ts_std(ssqrt(ts_std(high,40)),3)",ga,1.0,hs300,False,2021Q2,退役,2025Q1,0
505,"ts_std(ts_std(ts_std(amount,3),40),3)",ga,1.0,hs300,False,2021Q2,退役,2024Q4,0
506,"ts_std(ts_std(ts_std(amount,40),10),3)",ga,1.0,hs300,False,2021Q2,退役,2024Q2,0
507,"ts_zscore(ts_std(amount,20),3)",ga,1.0,hs300,False,2021Q2,在役,,1
508,"ts_std(ts_std(ts_std(ts_std(amount,40),3),3),3)",ga,1.0,hs300,False,2021Q2,退役,2025Q3,0
509,"ts_std(ts_std(ts_std(amount,20),40),3)",ga,1.0,hs300,False,2021Q2,退役,2024Q4,0
510,"ts_std(ts_std(ts_std(ts_std(volume,40),40),3),3)",ga,1.0,hs300,False,2021Q2,退役,2025Q1,0
511,"abs(mul(ts_tsi(returns,20),ts_std(returns,3)))",ga,1.0,zz500,False,2021Q2,在役,,0
512,"div(low,ts_std(ts_sum(amount,3),5))",ga,-1.0,zz500,False,2021Q2,在役,,0
513,"div(low,sub(mul(returns,low),ssqrt(open)))",ga,1.0,zz500,False,2021Q2,在役,,0
514,"ts_std(amount,10)",ga,1.0,zz500,False,2021Q2,退役,2021Q3,0
515,"abs(ts_max(ts_decay_linear(returns,20),3))",ga,1.0,zz1000,False,2021Q2,退役,2025Q4,0
516,"ts_std(abs(ts_mean(returns,20)),3)",ga,1.0,zz1000,False,2021Q2,在役,,0
517,"ts_std(div(entropy120,high),10)",ga,1.0,zz1000,False,2021Q2,在役,,0
518,"mul(mul(ts_tsi(beta120,244),delta(delay(add(volume,close),10",ga,-1.0,hongli,False,2021Q2,退役,2025Q4,0
519,"ts_decay_linear(mul(ts_tsi(ts_min(beta120,244),244),ts_tsi(d",ga,-1.0,hongli,False,2021Q2,退役,2025Q1,0
520,"mul(delta(volume,120),delta(volume,120))",ga,1.0,hongli,False,2021Q2,退役,2025Q4,0
521,"ts_decay_linear(mul(ts_tsi(beta120,244),ts_tsi(beta120,244))",ga,-1.0,hongli,False,2021Q2,退役,2025Q2,0
522,"ts_argmax(ts_min(beta120,3),5)",ga,1.0,hongli,False,2021Q2,退役,2021Q4,0
523,"mul(ts_tsi(mul(ts_tsi(beta120,244),delta(volume,120)),244),d",ga,-1.0,hongli,False,2021Q2,在役,,0
524,"mul(mul(ts_tsi(beta120,244),ts_tsi(ts_zscore(ts_std(low,60),",ga,-1.0,hongli,False,2021Q2,在役,,0
525,"sub(close,high)",ga,-1.0,hs300,False,2021Q3,退役,2021Q4,0
526,"div(open,delay(ts_decay_linear(returns,60),40))",ga,1.0,hs300,False,2021Q3,退役,2025Q4,0
527,"ema(ts_min(ts_tsi(close,5),60),60)",ga,-1.0,hs300,False,2021Q3,退役,2022Q1,0
528,"mul(low,slog(ts_argmax(amount,5)))",ga,-1.0,hs300,False,2021Q3,退役,2024Q1,0
529,"ts_mean(ts_corr(slog(high),ts_std(close,244),60),244)",ga,1.0,zz500,False,2021Q3,退役,2022Q2,0
530,"ts_argmax(volume,20)",ga,-1.0,zz500,False,2021Q3,退役,2021Q4,0
531,"ts_std(slog(open),3)",ga,1.0,zz500,False,2021Q3,退役,2024Q2,0
532,"abs(ts_slope(abs(returns),3))",ga,1.0,zz1000,False,2021Q3,在役,,0
533,"ts_std(abs(returns),3)",ga,1.0,zz1000,False,2021Q3,在役,,0
534,"ts_std(open,5)",ga,1.0,zz1000,False,2021Q3,在役,,0
535,"div(amount,volume)",ga,-1.0,hongli,False,2021Q3,在役,,0
536,"ts_min(div(amount,volume),10)",ga,-1.0,hongli,False,2021Q3,退役,2024Q4,0
537,"div(ts_argmax(high,244),ts_tsi(amount,40))",ga,1.0,hongli,False,2021Q3,退役,2024Q3,0
538,"ssqrt(mul(ema(entropy120,60),ts_tsi(amount,244)))",ga,1.0,hongli,False,2021Q3,退役,2021Q4,0
539,"sign(ts_argmax(high,10))",ga,-1.0,hs300,False,2021Q4,在役,,0
540,"div(volume,ts_rank(ts_tsi(low,40),10))",ga,1.0,hs300,False,2021Q4,在役,,0
541,"ts_slope(div(high,close),40)",ga,1.0,hs300,False,2021Q4,在役,,0
542,"ts_zscore(ts_std(amount,10),120)",ga,1.0,zz500,False,2021Q4,退役,2022Q1,0
543,"abs(mul(ts_zscore(volume,10),entropy120))",ga,1.0,zz500,False,2021Q4,在役,,0
544,"ts_std(neg(delta(abs(returns),244)),3)",ga,1.0,zz500,False,2021Q4,在役,,0
545,"ts_std(ts_std(high,3),3)",ga,1.0,zz500,False,2021Q4,在役,,0
546,"abs(ts_tsi(low,20))",ga,1.0,zz500,False,2021Q4,退役,2025Q2,0
547,"ts_argmax(ts_er(low,5),10)",ga,1.0,zz500,False,2021Q4,退役,2025Q3,0
548,"div(add(low,sign(beta120)),high)",ga,-1.0,zz1000,False,2021Q4,在役,,0
549,"div(add(ts_argmin(low,20),open),high)",ga,-1.0,zz1000,False,2021Q4,在役,,0
550,"abs(div(add(low,sub(delta(amount,10),add(returns,high))),hig",ga,1.0,zz1000,False,2021Q4,退役,2022Q1,0
551,"slog(div(ts_std(high,5),sign(amount)))",ga,1.0,zz1000,False,2021Q4,在役,,0
552,"abs(ts_slope(open,3))",ga,1.0,zz1000,False,2021Q4,在役,,0
553,"delta(abs(returns),60)",ga,1.0,zz1000,False,2021Q4,退役,2025Q2,0
554,"div(ts_max(low,20),ts_std(ts_sum(volume,120),5))",ga,-1.0,hongli,False,2021Q4,退役,2024Q1,0
555,"div(ts_max(ts_corr(neg(volume),delay(amount,10),40),20),volu",ga,-1.0,hongli,False,2021Q4,退役,2022Q2,0
556,"delta(ts_tsi(volume,244),40)",ga,1.0,hongli,False,2021Q4,退役,2022Q2,0
557,"div(ts_rank(open,20),volume)",ga,-1.0,hongli,False,2021Q4,在役,,0
558,"delta(ts_er(beta120,120),5)",ga,-1.0,hongli,False,2021Q4,退役,2022Q2,0
559,"abs(ts_zscore(slog(amount),20))",ga,1.0,hs300,False,2022Q1,在役,,1
560,"abs(ts_zscore(slog(amount),60))",ga,1.0,hs300,False,2022Q1,退役,2023Q2,0
561,"abs(ts_zscore(volume,40))",ga,1.0,hs300,False,2022Q1,在役,,0
562,"abs(ts_zscore(abs(amount),5))",ga,1.0,hs300,False,2022Q1,退役,2026Q2,0
563,"abs(ts_zscore(high,10))",ga,1.0,hs300,False,2022Q1,在役,,0
564,"abs(ts_zscore(slog(mul(delay(amount,5),abs(amount))),20))",ga,1.0,hs300,False,2022Q1,退役,2022Q3,0
565,"ts_er(open,5)",ga,-1.0,hs300,False,2022Q1,在役,,0
566,"delta(mul(returns,returns),60)",ga,1.0,zz500,False,2022Q1,退役,2025Q2,0
567,"abs(div(ts_zscore(sub(beta120,amount),60),low))",ga,1.0,zz500,False,2022Q1,退役,2025Q2,0
568,"ts_argmax(delta(sign(returns),244),120)",ga,1.0,zz500,False,2022Q1,退役,2025Q1,0
569,"ts_std(ts_std(ts_max(open,10),20),10)",ga,1.0,zz1000,False,2022Q1,退役,2026Q2,0
570,"ssqrt(delta(volume,5))",ga,-1.0,cyb,False,2022Q1,退役,2023Q4,0
571,"ts_std(volume,244)",ga,-1.0,cyb,False,2022Q1,退役,2025Q3,0
572,"delay(delay(ts_max(amount,10),244),244)",ga,-1.0,cyb,False,2022Q1,退役,2025Q4,0
573,"div(neg(close),volume)",ga,-1.0,cyb,False,2022Q1,退役,2023Q4,0
574,"ema(ssqrt(volume),120)",ga,-1.0,cyb,False,2022Q1,退役,2025Q1,0
575,"delay(volume,60)",ga,-1.0,cyb,False,2022Q1,在役,,0
576,"delay(volume,40)",ga,-1.0,cyb,False,2022Q1,退役,2024Q1,0
577,"mul(abs(delay(ts_decay_linear(high,244),244)),ssqrt(ssqrt(lo",ga,-1.0,hongli,False,2022Q1,在役,,0
578,"ts_min(ts_decay_linear(ssqrt(ts_std(open,40)),244),244)",ga,-1.0,hongli,False,2022Q1,退役,2023Q1,0
579,"ts_argmin(ts_std(ts_min(close,120),3),40)",ga,1.0,hongli,False,2022Q1,在役,,0
580,"delay(ts_std(ts_argmax(beta120,40),20),244)",ga,1.0,hongli,False,2022Q1,退役,2026Q3,0
581,"delay(ssqrt(ts_mean(high,10)),244)",ga,-1.0,hongli,False,2022Q1,退役,2024Q4,0
582,"abs(div(div(close,volume),add(ts_zscore(returns,20),ts_zscor",ga,-1.0,hs300,False,2022Q2,退役,2025Q2,0
583,"delta(neg(div(high,low)),20)",ga,-1.0,zz500,False,2022Q2,在役,,1
584,"ts_max(ts_tsi(volume,244),10)",ga,1.0,zz500,False,2022Q2,退役,2025Q4,0
585,"div(slog(ts_std(slog(mul(open,volume)),10)),delay(slog(beta1",ga,1.0,zz1000,False,2022Q2,退役,2024Q4,0
586,"div(sub(beta120,high),open)",ga,-1.0,zz1000,False,2022Q2,在役,,0
587,"div(div(mul(low,volume),sub(low,high)),ts_std(ts_std(amount,",ga,1.0,zz1000,False,2022Q2,在役,,0
588,"div(div(sub(low,high),open),open)",ga,-1.0,zz1000,False,2022Q2,在役,,0
589,"div(div(sub(sub(low,ts_std(open,40)),high),open),delay(slog(",ga,-1.0,zz1000,False,2022Q2,在役,,0
590,"div(div(high,ts_std(sub(low,high),10)),ts_std(slog(sub(add(l",ga,-1.0,zz1000,False,2022Q2,在役,,0
591,"div(ts_std(sub(sub(low,high),high),3),delay(close,244))",ga,1.0,zz1000,False,2022Q2,退役,2026Q2,0
592,"div(div(mul(open,beta120),sub(low,high)),ts_std(delay(slog(c",ga,1.0,zz1000,False,2022Q2,在役,,0
593,"div(div(mul(open,ts_argmin(slog(open),60)),sub(low,high)),ts",ga,1.0,zz1000,False,2022Q2,在役,,0
594,"mul(amount,ts_std(ts_argmax(high,244),5))",ga,-1.0,cyb,False,2022Q2,退役,2023Q2,0
595,"mul(mul(delay(volume,244),ts_argmax(ts_min(low,120),244)),op",ga,-1.0,cyb,False,2022Q2,退役,2023Q1,0
596,"sub(abs(ts_argmax(ts_er(low,40),120)),ts_argmax(ema(low,120)",ga,1.0,cyb,False,2022Q2,退役,2025Q2,0
597,"ts_argmin(returns,10)",ga,-1.0,kc50,False,2022Q2,退役,2025Q2,0
598,"ts_argmin(ts_argmin(sub(low,close),40),5)",ga,-1.0,kc50,False,2022Q2,在役,,0
599,"ts_min(close,3)",ga,-1.0,kc50,False,2022Q2,在役,,0
600,"ts_slope(ts_er(volume,5),3)",ga,-1.0,kc50,False,2022Q2,退役,2022Q4,0
601,"ts_argmin(ts_argmin(returns,5),40)",ga,-1.0,kc50,False,2022Q2,退役,2023Q4,0
602,"ts_argmin(ts_argmin(open,5),60)",ga,-1.0,kc50,False,2022Q2,退役,2025Q3,0
603,"sub(ts_decay_linear(ts_std(open,10),3),ts_slope(ts_er(volume",ga,1.0,kc50,False,2022Q2,退役,2025Q1,0
604,"ts_argmin(ts_min(ts_min(close,3),3),3)",ga,-1.0,kc50,False,2022Q2,退役,2026Q2,0
605,"ts_min(ts_min(returns,3),3)",ga,-1.0,kc50,False,2022Q2,在役,,0
606,"ts_max(div(close,returns),3)",ga,-1.0,kc50,False,2022Q2,退役,2026Q3,0
607,"ts_corr(ts_tsi(beta120,3),delta(volume,120),244)",ga,-1.0,hongli,False,2022Q2,在役,,0
608,"ts_corr(ts_tsi(low,3),ts_std(volume,120),120)",ga,1.0,hongli,False,2022Q2,退役,2022Q3,0
609,"ts_corr(ts_tsi(low,3),delta(div(slog(delta(open,10)),ts_deca",ga,1.0,hongli,False,2022Q2,退役,2022Q4,0
610,"ts_argmin(ts_decay_linear(volume,40),3)",ga,1.0,hongli,False,2022Q2,退役,2025Q3,0
611,ts_argmin(ts_argmin(ts_rank(ts_decay_linear(ts_decay_linear(,ga,1.0,hs300,False,2022Q3,退役,2023Q1,0
612,"ts_argmin(ts_tsi(ts_argmin(beta120,3),244),3)",ga,-1.0,hs300,False,2022Q3,退役,2023Q1,0
613,ts_argmin(ts_argmin(ts_rank(ts_decay_linear(ts_decay_linear(,ga,1.0,hs300,False,2022Q3,退役,2023Q1,0
614,"ts_argmin(ts_argmin(ts_rank(returns,5),3),3)",ga,-1.0,hs300,False,2022Q3,退役,2024Q2,0
615,"ts_std(ts_argmin(ts_rank(ts_decay_linear(ts_argmin(beta120,3",ga,1.0,hs300,False,2022Q3,在役,,0
616,"div(low,ts_sum(ts_decay_linear(ts_argmin(high,244),20),244))",ga,-1.0,zz500,False,2022Q3,在役,,0
617,"sub(ts_sum(ts_decay_linear(ts_argmin(open,244),20),244),high",ga,1.0,zz500,False,2022Q3,在役,,0
618,"ts_std(div(low,ts_max(volume,5)),3)",ga,1.0,zz500,False,2022Q3,在役,,0
619,"ts_std(ts_argmax(entropy120,120),20)",ga,-1.0,zz500,False,2022Q3,退役,2025Q2,0
620,"neg(ts_std(close,5))",ga,-1.0,zz500,False,2022Q3,在役,,0
621,"ts_er(ssqrt(ts_std(close,10)),244)",ga,1.0,zz1000,False,2022Q3,退役,2025Q3,0
622,"ts_rank(ts_std(high,5),244)",ga,1.0,zz1000,False,2022Q3,在役,,0
623,"ts_er(ts_std(close,20),244)",ga,1.0,zz1000,False,2022Q3,退役,2025Q4,0
624,"ts_er(ts_std(close,5),244)",ga,1.0,zz1000,False,2022Q3,退役,2025Q2,0
625,"ts_rank(ts_std(high,10),20)",ga,1.0,zz1000,False,2022Q3,退役,2025Q4,0
626,"abs(neg(abs(slog(delta(high,5)))))",ga,1.0,zz1000,False,2022Q3,在役,,0
627,"ema(div(high,close),5)",ga,1.0,cyb,False,2022Q3,在役,,0
628,"ts_std(ts_argmax(low,20),5)",ga,-1.0,cyb,False,2022Q3,退役,2024Q2,0
629,"ema(div(ts_corr(open,add(ts_rank(open,3),volume),244),close)",ga,1.0,cyb,False,2022Q3,在役,,0
630,"ts_decay_linear(ts_er(sub(high,low),3),10)",ga,1.0,kc50,False,2022Q3,在役,,0
631,"ts_corr(open,close,10)",ga,1.0,kc50,False,2022Q3,退役,2024Q1,0
632,"ts_decay_linear(ts_argmin(returns,10),10)",ga,-1.0,kc50,False,2022Q3,退役,2026Q3,0
633,"ts_min(ts_std(ts_std(amount,3),5),5)",ga,-1.0,kc50,False,2022Q3,在役,,0
634,"ts_min(ts_slope(sign(returns),10),5)",ga,-1.0,kc50,False,2022Q3,退役,2026Q1,0
635,"ts_argmin(open,5)",ga,-1.0,kc50,False,2022Q3,退役,2026Q3,0
636,"ts_min(ts_tsi(returns,5),5)",ga,-1.0,kc50,False,2022Q3,退役,2023Q1,0
637,"sub(ts_min(ts_sum(open,244),244),ts_min(ts_sum(close,244),24",ga,1.0,hongli,False,2022Q3,退役,2023Q2,0
638,"abs(delta(volume,3))",ga,1.0,hongli,False,2022Q3,在役,,0
639,"ts_er(ts_argmin(beta120,10),10)",ga,-1.0,hongli,False,2022Q3,退役,2024Q2,0
640,"ts_max(ts_corr(ts_corr(close,amount,5),add(close,close),244)",ga,-1.0,hongli,False,2022Q3,退役,2022Q4,0
641,"mul(ts_er(ts_zscore(returns,20),10),delta(ts_tsi(open,244),2",ga,1.0,hongli,False,2022Q3,退役,2024Q1,0
642,"mul(delta(mul(amount,mul(returns,returns)),40),ssqrt(ts_sum(",ga,1.0,hs300,False,2022Q4,退役,2026Q3,0
643,"mul(mul(delta(delta(mul(returns,returns),40),244),amount),am",ga,1.0,hs300,False,2022Q4,退役,2024Q2,0
644,"mul(delta(delta(mul(returns,returns),40),40),ssqrt(delta(ts_",ga,1.0,hs300,False,2022Q4,退役,2026Q2,0
645,"mul(delta(delta(mul(returns,returns),40),5),close)",ga,1.0,hs300,False,2022Q4,退役,2024Q3,0
646,"ts_tsi(ts_corr(returns,open,60),3)",ga,1.0,hs300,False,2022Q4,退役,2026Q2,0
647,"mul(delta(mul(amount,mul(returns,returns)),5),ssqrt(ts_sum(v",ga,1.0,hs300,False,2022Q4,退役,2024Q2,0
648,"delay(returns,5)",ga,-1.0,hs300,False,2022Q4,在役,,0
649,"mul(delta(delta(mul(returns,returns),40),10),amount)",ga,1.0,hs300,False,2022Q4,退役,2024Q3,0
650,"div(add(high,abs(delta(low,3))),low)",ga,1.0,zz500,False,2022Q4,在役,,0
651,"ts_sum(div(high,close),3)",ga,1.0,zz500,False,2022Q4,在役,,0
652,"ts_argmin(delta(abs(returns),40),3)",ga,1.0,zz500,False,2022Q4,退役,2025Q4,0
653,"abs(ssqrt(ts_zscore(ema(amount,40),20)))",ga,1.0,zz500,False,2022Q4,退役,2024Q1,0
654,"ts_corr(open,returns,120)",ga,1.0,zz500,False,2022Q4,退役,2025Q4,0
655,"ts_slope(div(high,low),10)",ga,1.0,zz500,False,2022Q4,退役,2025Q2,0
656,"abs(ts_rank(ts_tsi(add(sub(high,low),ts_er(close,3)),10),120",ga,1.0,zz500,False,2022Q4,退役,2025Q3,0
657,"ts_argmin(ts_tsi(entropy120,10),3)",ga,1.0,zz500,False,2022Q4,退役,2024Q1,0
658,"ts_max(abs(returns),3)",ga,1.0,zz1000,False,2022Q4,在役,,0
659,"ts_max(ts_std(returns,5),3)",ga,1.0,zz1000,False,2022Q4,在役,,0
660,"ts_max(delay(ts_max(sub(open,entropy120),120),244),3)",ga,-1.0,zz1000,False,2022Q4,在役,,0
661,"ts_er(ts_std(volume,20),244)",ga,1.0,zz1000,False,2022Q4,退役,2026Q1,0
662,"ts_tsi(ts_std(open,20),244)",ga,1.0,zz1000,False,2022Q4,在役,,0
663,"add(ts_zscore(ts_std(volume,20),5),ts_sum(div(high,ssqrt(ts_",ga,1.0,zz1000,False,2022Q4,退役,2024Q2,0
664,"ts_corr(close,returns,20)",ga,-1.0,cyb,False,2022Q4,退役,2023Q2,0
665,"sign(ts_slope(abs(returns),3))",ga,1.0,cyb,False,2022Q4,退役,2026Q2,0
666,"ts_corr(close,entropy120,20)",ga,1.0,cyb,False,2022Q4,退役,2023Q4,0
667,"ts_max(slog(ts_corr(close,amount,20)),244)",ga,1.0,cyb,False,2022Q4,退役,2024Q3,0
668,"ts_min(ts_rank(low,10),3)",ga,-1.0,kc50,False,2022Q4,在役,,0
669,"div(delta(neg(low),10),delta(delay(volume,20),5))",ga,1.0,kc50,False,2022Q4,在役,,0
670,abs(neg(returns)),ga,1.0,kc50,False,2022Q4,退役,2025Q1,0
671,"ts_min(ts_slope(open,3),3)",ga,-1.0,kc50,False,2022Q4,在役,,1
672,"ts_std(ema(amount,40),3)",ga,1.0,hongli,False,2022Q4,退役,2026Q1,0
673,"ts_std(ema(ts_zscore(amount,40),40),3)",ga,1.0,hongli,False,2022Q4,在役,,0
674,"ts_min(close,60)",ga,-1.0,hongli,False,2022Q4,退役,2025Q4,0
675,"ema(ts_rank(ts_er(entropy120,3),3),120)",ga,-1.0,hongli,False,2022Q4,退役,2023Q4,0
676,"ts_std(add(abs(delta(amount,10)),beta120),3)",ga,1.0,hongli,False,2022Q4,退役,2025Q4,0
677,"ts_zscore(ts_slope(entropy120,20),10)",ga,-1.0,hongli,False,2022Q4,退役,2025Q3,0
678,"ts_tsi(ts_zscore(div(open,add(high,entropy120)),10),40)",ga,-1.0,hs300,False,2023Q1,退役,2026Q2,0
679,"ts_zscore(delta(abs(returns),60),10)",ga,1.0,hs300,False,2023Q1,退役,2025Q2,0
680,"ts_argmin(ts_argmax(low,3),5)",ga,-1.0,hs300,False,2023Q1,退役,2026Q1,0
681,"ts_zscore(ts_er(ts_tsi(div(low,high),40),60),10)",ga,-1.0,hs300,False,2023Q1,退役,2025Q2,0
682,"ts_zscore(ts_tsi(ts_tsi(abs(returns),60),40),60)",ga,1.0,hs300,False,2023Q1,退役,2025Q2,0
683,"ts_tsi(ts_zscore(ts_argmax(volume,5),60),40)",ga,-1.0,hs300,False,2023Q1,退役,2024Q1,0
684,"ts_zscore(ts_tsi(ts_zscore(ts_tsi(abs(returns),3),60),40),60",ga,1.0,hs300,False,2023Q1,退役,2025Q4,0
685,"ts_zscore(ts_tsi(ts_tsi(delta(div(open,high),5),40),40),60)",ga,-1.0,hs300,False,2023Q1,退役,2023Q2,0
686,"ssqrt(ts_std(slog(close),3))",ga,1.0,zz500,False,2023Q1,在役,,1
687,"ts_std(ema(neg(high),5),3)",ga,1.0,zz500,False,2023Q1,在役,,0
688,"ssqrt(ts_std(slog(close),5))",ga,1.0,zz500,False,2023Q1,在役,,0
689,"ssqrt(ts_std(ts_std(slog(high),3),3))",ga,1.0,zz500,False,2023Q1,在役,,0
690,"ssqrt(ts_std(slog(high),3))",ga,1.0,zz500,False,2023Q1,在役,,0
691,"ts_std(slog(low),3)",ga,1.0,zz500,False,2023Q1,退役,2024Q3,0
692,"ts_tsi(div(open,high),40)",ga,-1.0,zz1000,False,2023Q1,在役,,0
693,"div(high,ts_std(ts_slope(open,3),5))",ga,-1.0,zz1000,False,2023Q1,退役,2024Q4,0
694,"ts_max(div(low,high),5)",ga,-1.0,zz1000,False,2023Q1,在役,,0
695,"ts_tsi(div(open,high),244)",ga,-1.0,zz1000,False,2023Q1,退役,2024Q1,0
696,"ts_std(close,5)",ga,1.0,zz1000,False,2023Q1,在役,,0
697,"ts_std(ema(open,40),10)",ga,1.0,zz1000,False,2023Q1,退役,2023Q3,0
698,"ts_tsi(amount,5)",ga,-1.0,cyb,False,2023Q1,退役,2023Q4,0
699,"slog(ts_tsi(ts_rank(open,40),5))",ga,-1.0,cyb,False,2023Q1,在役,,0
700,"ts_tsi(ts_rank(ts_rank(volume,244),10),5)",ga,-1.0,cyb,False,2023Q1,退役,2025Q1,0
701,"slog(ts_tsi(slog(ts_argmin(open,5)),5))",ga,-1.0,cyb,False,2023Q1,退役,2023Q2,0
702,"ts_tsi(delta(ts_rank(amount,40),20),5)",ga,-1.0,cyb,False,2023Q1,退役,2023Q4,0
703,"ts_tsi(ts_slope(ts_rank(ts_rank(amount,120),40),20),5)",ga,-1.0,cyb,False,2023Q1,退役,2025Q2,0
704,"ts_argmin(ts_mean(ts_argmax(returns,40),3),3)",ga,-1.0,kc50,False,2023Q1,在役,,1
705,"ts_argmin(ts_argmax(returns,3),3)",ga,-1.0,kc50,False,2023Q1,退役,2025Q1,0
706,"ts_argmin(ts_argmin(add(close,ts_min(low,60)),3),3)",ga,1.0,kc50,False,2023Q1,退役,2026Q3,0
707,"ts_argmin(ts_argmax(ts_argmin(ts_argmax(returns,60),3),60),3",ga,-1.0,kc50,False,2023Q1,退役,2024Q1,0
708,"ts_argmax(ts_argmin(ts_argmax(returns,40),3),3)",ga,-1.0,kc50,False,2023Q1,在役,,0
709,"ts_argmax(returns,3)",ga,-1.0,kc50,False,2023Q1,退役,2023Q4,0
710,"ts_sum(ts_std(volume,20),20)",ga,-1.0,kc50,False,2023Q1,在役,,0
711,"slog(mul(high,ts_min(ema(close,244),120)))",ga,-1.0,hongli,False,2023Q1,在役,,0
712,"mul(close,ts_sum(ema(ts_argmax(low,3),244),120))",ga,-1.0,hongli,False,2023Q1,在役,,0
713,"sub(ts_corr(beta120,ts_er(volume,20),244),close)",ga,1.0,hongli,False,2023Q1,在役,,0
714,"delay(slog(div(delay(close,10),entropy120)),244)",ga,-1.0,hongli,False,2023Q1,退役,2024Q4,0
715,"abs(delta(amount,3))",ga,1.0,hongli,False,2023Q1,在役,,0
716,"delay(slog(mul(delay(volume,10),close)),244)",ga,-1.0,hongli,False,2023Q1,退役,2024Q4,0
717,"ts_min(open,120)",ga,-1.0,hongli,False,2023Q1,退役,2025Q4,0
718,"delay(div(ts_corr(returns,entropy120,10),ts_max(close,244)),",ga,1.0,hongli,False,2023Q1,退役,2023Q2,0
719,"ts_corr(ts_corr(ts_min(entropy120,5),returns,10),high,3)",ga,-1.0,hs300,False,2023Q2,退役,2024Q2,0
720,"abs(ts_corr(open,close,3))",ga,1.0,hs300,False,2023Q2,退役,2024Q3,0
721,"ts_corr(ts_corr(ts_min(entropy120,5),returns,10),open,3)",ga,-1.0,hs300,False,2023Q2,退役,2026Q1,0
722,"abs(ts_zscore(amount,120))",ga,1.0,hs300,False,2023Q2,退役,2025Q2,0
723,"abs(ts_zscore(entropy120,40))",ga,1.0,hs300,False,2023Q2,在役,,0
724,"ts_corr(ts_corr(ts_min(entropy120,5),returns,10),low,3)",ga,-1.0,hs300,False,2023Q2,在役,,0
725,"abs(ts_zscore(high,40))",ga,1.0,hs300,False,2023Q2,退役,2025Q4,0
726,"abs(ts_zscore(open,3))",ga,1.0,hs300,False,2023Q2,退役,2024Q1,0
727,"ts_corr(close,close,5)",ga,-1.0,zz500,False,2023Q2,在役,,0
728,"ts_slope(ts_max(volume,20),3)",ga,1.0,zz500,False,2023Q2,退役,2025Q1,0
729,"sub(open,high)",ga,-1.0,zz1000,False,2023Q2,在役,,0
730,"div(open,ts_max(high,5))",ga,-1.0,zz1000,False,2023Q2,在役,,1
731,"div(open,sub(ts_std(ts_max(volume,5),3),high))",ga,1.0,zz1000,False,2023Q2,退役,2026Q1,0
732,"ts_er(ts_er(amount,5),5)",ga,-1.0,cyb,False,2023Q2,退役,2023Q3,0
733,"ts_er(ssqrt(ts_argmin(ssqrt(amount),10)),5)",ga,-1.0,cyb,False,2023Q2,在役,,0
734,"ts_er(ts_tsi(open,10),5)",ga,-1.0,cyb,False,2023Q2,退役,2025Q4,0
735,"ts_er(ts_er(ts_er(open,244),5),5)",ga,-1.0,cyb,False,2023Q2,退役,2023Q3,0
736,"ts_rank(volume,5)",ga,-1.0,cyb,False,2023Q2,退役,2024Q1,0
737,"ts_slope(sign(ts_zscore(slog(amount),10)),5)",ga,-1.0,cyb,False,2023Q2,退役,2023Q3,0
738,"ts_er(ssqrt(ts_zscore(ts_er(high,120),3)),5)",ga,-1.0,cyb,False,2023Q2,退役,2023Q4,0
739,"ts_std(ts_zscore(close,40),40)",ga,-1.0,kc50,False,2023Q2,退役,2025Q1,0
740,"ts_argmax(ts_argmin(ssqrt(open),120),60)",ga,-1.0,kc50,False,2023Q2,退役,2024Q1,0
741,"ts_std(mul(close,high),3)",ga,1.0,kc50,False,2023Q2,退役,2026Q3,0
742,"neg(delay(high,60))",ga,1.0,kc50,False,2023Q2,退役,2025Q2,0
743,"delay(delay(ssqrt(returns),20),20)",ga,-1.0,kc50,False,2023Q2,在役,,0
744,"ts_min(add(low,ts_mean(ts_max(low,5),244)),20)",ga,-1.0,hongli,False,2023Q2,在役,,0
745,"add(close,ts_zscore(ema(ts_max(ts_max(open,60),40),40),244))",ga,-1.0,hongli,False,2023Q2,在役,,0
746,"add(delta(delta(low,20),5),ts_mean(high,244))",ga,-1.0,hongli,False,2023Q2,在役,,0
747,"ts_min(open,40)",ga,-1.0,hongli,False,2023Q2,退役,2025Q4,0
748,"ts_corr(volume,amount,20)",ga,1.0,hongli,False,2023Q2,退役,2026Q2,0
749,"ts_min(slog(close),20)",ga,-1.0,hongli,False,2023Q2,在役,,0
750,"ts_argmax(abs(returns),5)",ga,-1.0,hongli,False,2023Q2,退役,2026Q2,0
751,"abs(ts_zscore(slog(mul(high,slog(amount))),20))",ga,1.0,hs300,False,2023Q3,退役,2025Q2,0
752,"mul(ts_min(ema(open,244),60),open)",ga,-1.0,hs300,False,2023Q3,在役,,0
753,"abs(ts_std(abs(close),3))",ga,1.0,hs300,False,2023Q3,退役,2023Q4,0
754,"mul(ts_min(ema(ts_er(ts_min(volume,40),60),3),60),open)",ga,1.0,hs300,False,2023Q3,在役,,0
755,"delta(abs(ts_zscore(volume,20)),60)",ga,1.0,hs300,False,2023Q3,退役,2023Q4,0
756,"ts_tsi(delta(abs(ts_er(neg(close),20)),5),3)",ga,1.0,hs300,False,2023Q3,退役,2024Q2,0
757,"delta(ts_tsi(abs(ts_er(volume,20)),3),40)",ga,1.0,hs300,False,2023Q3,在役,,0
758,"delta(abs(ts_er(volume,20)),40)",ga,1.0,hs300,False,2023Q3,退役,2026Q1,0
759,"ts_std(low,3)",ga,1.0,zz500,False,2023Q3,退役,2024Q3,0
760,"abs(ts_min(ts_slope(close,3),3))",ga,1.0,zz500,False,2023Q3,在役,,0
761,"ema(div(high,returns),5)",ga,-1.0,zz500,False,2023Q3,在役,,1
762,"ema(div(high,abs(returns)),5)",ga,-1.0,zz500,False,2023Q3,退役,2026Q2,0
763,"ts_std(slog(amount),5)",ga,1.0,zz1000,False,2023Q3,在役,,0
764,"ts_std(ts_tsi(volume,244),20)",ga,1.0,zz1000,False,2023Q3,退役,2025Q4,0
765,"ts_er(abs(neg(ssqrt(returns))),40)",ga,1.0,zz1000,False,2023Q3,退役,2025Q4,0
766,"ts_std(ts_decay_linear(ts_rank(returns,120),10),3)",ga,1.0,zz1000,False,2023Q3,在役,,0
767,"ts_tsi(ts_zscore(open,3),5)",ga,-1.0,cyb,False,2023Q3,退役,2025Q4,0
768,"delay(delay(open,244),40)",ga,-1.0,cyb,False,2023Q3,退役,2025Q1,0
769,"delay(delay(ts_min(amount,5),244),120)",ga,-1.0,cyb,False,2023Q3,退役,2024Q4,0
770,"delay(ts_tsi(volume,244),120)",ga,1.0,cyb,False,2023Q3,退役,2024Q1,0
771,"add(sign(ts_tsi(returns,3)),sign(ts_er(high,244)))",ga,1.0,cyb,False,2023Q3,退役,2025Q3,0
772,"ts_corr(high,low,244)",ga,1.0,cyb,False,2023Q3,退役,2024Q3,0
773,"div(ema(open,20),ts_min(ts_zscore(close,244),20))",ga,1.0,cyb,False,2023Q3,退役,2025Q3,0
774,"ts_tsi(ts_zscore(add(ts_mean(low,244),div(ts_tsi(returns,5),",ga,-1.0,cyb,False,2023Q3,退役,2024Q2,0
775,"delay(sub(div(entropy120,amount),ts_argmin(entropy120,60)),1",ga,-1.0,cyb,False,2023Q3,退役,2025Q4,0
776,"ts_argmin(ts_slope(low,3),20)",ga,-1.0,kc50,False,2023Q3,退役,2025Q1,0
777,"div(open,low)",ga,-1.0,kc50,False,2023Q3,退役,2024Q2,0
778,"ts_corr(amount,low,60)",ga,1.0,kc50,False,2023Q3,退役,2025Q4,0
779,"ema(ts_min(ts_sum(delta(volume,40),5),3),60)",ga,-1.0,kc50,False,2023Q3,在役,,0
780,"ssqrt(ema(ts_min(amount,3),60))",ga,-1.0,kc50,False,2023Q3,在役,,0
781,"ts_sum(ts_argmin(amount,244),3)",ga,-1.0,kc50,False,2023Q3,在役,,0
782,"ts_argmin(volume,20)",ga,1.0,kc50,False,2023Q3,退役,2025Q2,0
783,"ts_rank(ts_std(close,40),60)",ga,-1.0,kc50,False,2023Q3,退役,2024Q2,0
784,"ts_corr(ts_er(low,60),add(returns,high),10)",ga,1.0,kc50,False,2023Q3,退役,2023Q4,0
785,"ts_slope(open,60)",ga,-1.0,kc50,False,2023Q3,在役,,0
786,"mul(close,ts_sum(ts_argmax(ts_er(high,120),20),244))",ga,-1.0,hongli,False,2023Q3,在役,,0
787,"mul(low,ts_sum(beta120,244))",ga,-1.0,hongli,False,2023Q3,在役,,0
788,"mul(sign(volume),abs(returns))",ga,1.0,hongli,False,2023Q3,在役,,0
789,"mul(low,div(returns,ts_zscore(high,244)))",ga,1.0,hongli,False,2023Q3,退役,2024Q4,0
790,"ts_sum(mul(mul(low,delay(mul(volume,open),244)),close),120)",ga,-1.0,hongli,False,2023Q3,退役,2026Q1,0
791,"ema(ts_zscore(ts_argmin(returns,20),10),20)",ga,-1.0,hs300,False,2023Q4,退役,2024Q3,0
792,"ts_zscore(ts_std(high,3),20)",ga,1.0,hs300,False,2023Q4,在役,,0
793,"delta(ts_std(entropy120,3),10)",ga,1.0,hs300,False,2023Q4,退役,2024Q2,0
794,"delta(ts_std(high,3),10)",ga,1.0,hs300,False,2023Q4,在役,,0
795,"ts_std(ts_decay_linear(high,20),3)",ga,1.0,hs300,False,2023Q4,退役,2025Q4,0
796,"delta(ts_std(high,5),244)",ga,1.0,zz500,False,2023Q4,在役,,0
797,"ts_std(ts_std(ts_decay_linear(amount,244),5),5)",ga,1.0,zz500,False,2023Q4,在役,,0
798,"ts_min(high,244)",ga,-1.0,zz500,False,2023Q4,在役,,0
799,"ts_tsi(ts_std(returns,5),40)",ga,1.0,zz500,False,2023Q4,退役,2025Q2,0
800,"mul(sub(open,high),ts_std(close,3))",ga,-1.0,zz1000,False,2023Q4,退役,2024Q2,0
801,"mul(abs(ema(entropy120,60)),ts_std(high,5))",ga,1.0,zz1000,False,2023Q4,在役,,0
802,"mul(mul(sub(open,high),ts_argmin(open,60)),ts_std(returns,3)",ga,-1.0,zz1000,False,2023Q4,退役,2024Q1,0
803,"abs(ts_slope(open,10))",ga,1.0,zz1000,False,2023Q4,退役,2025Q4,0
804,"mul(ts_std(close,40),ts_std(open,3))",ga,1.0,zz1000,False,2023Q4,在役,,0
805,"ts_corr(delay(delay(open,3),3),open,20)",ga,1.0,cyb,False,2023Q4,退役,2025Q4,0
806,"ts_corr(ts_decay_linear(ts_decay_linear(low,3),3),close,20)",ga,1.0,cyb,False,2023Q4,退役,2025Q3,0
807,"ts_corr(ts_decay_linear(open,3),mul(ssqrt(beta120),ts_decay_",ga,1.0,cyb,False,2023Q4,退役,2025Q1,0
808,"ts_corr(low,open,20)",ga,1.0,cyb,False,2023Q4,退役,2025Q4,0
809,"ts_corr(ts_max(delay(open,3),3),delay(open,3),20)",ga,1.0,cyb,False,2023Q4,退役,2024Q4,0
810,"ts_corr(delay(delta(low,40),3),low,20)",ga,1.0,cyb,False,2023Q4,退役,2025Q4,0
811,"ts_corr(ts_decay_linear(close,60),neg(add(high,beta120)),20)",ga,-1.0,cyb,False,2023Q4,退役,2025Q1,0
812,"ts_corr(delay(open,3),ts_corr(ts_corr(delay(high,3),ts_decay",ga,1.0,cyb,False,2023Q4,在役,,0
813,"ts_corr(slog(open),entropy120,20)",ga,1.0,cyb,False,2023Q4,退役,2024Q2,0
814,"ts_corr(delay(close,5),delay(close,5),20)",ga,1.0,cyb,False,2023Q4,退役,2025Q1,0
815,"ts_corr(delay(open,3),low,244)",ga,1.0,cyb,False,2023Q4,退役,2024Q3,0
816,"delta(ts_corr(slog(ts_min(open,60)),amount,40),244)",ga,1.0,cyb,False,2023Q4,在役,,0
817,"mul(ema(open,60),mul(ema(low,120),ts_rank(ts_min(low,20),3))",ga,-1.0,kc50,False,2023Q4,退役,2025Q2,0
818,"ts_argmax(ts_std(low,5),20)",ga,-1.0,kc50,False,2023Q4,退役,2024Q3,0
819,"ts_argmin(delta(returns,10),20)",ga,-1.0,kc50,False,2023Q4,在役,,0
820,"mul(ema(ts_argmin(ts_corr(returns,volume,60),5),60),open)",ga,-1.0,kc50,False,2023Q4,退役,2024Q2,0
821,"mul(ema(open,60),mul(ema(open,120),delay(amount,10)))",ga,-1.0,kc50,False,2023Q4,在役,,0
822,"sub(ts_rank(beta120,244),neg(low))",ga,-1.0,hongli,False,2023Q4,在役,,0
823,"ts_std(delta(delta(beta120,10),60),5)",ga,1.0,hongli,False,2023Q4,退役,2025Q2,0
824,"slog(abs(sub(low,high)))",ga,1.0,hongli,False,2023Q4,退役,2025Q2,0
825,"ts_mean(high,20)",ga,-1.0,hongli,False,2023Q4,在役,,0
826,"ts_rank(delta(amount,60),40)",ga,1.0,hongli,False,2023Q4,在役,,1
827,"abs(mul(ts_tsi(amount,60),ts_argmin(ts_argmin(ts_argmin(high",ga,1.0,hs300,False,2024Q1,退役,2025Q2,0
828,"ts_decay_linear(ts_argmin(ts_argmin(ts_slope(ts_slope(high,5",ga,1.0,hs300,False,2024Q1,退役,2025Q2,0
829,"ts_argmin(ts_argmin(ts_argmin(ts_argmin(ts_slope(close,5),3)",ga,1.0,hs300,False,2024Q1,退役,2025Q3,0
830,"ts_argmin(ts_argmin(ts_argmin(high,3),5),3)",ga,1.0,hs300,False,2024Q1,退役,2026Q3,0
831,"ts_argmin(ts_slope(ts_slope(close,5),5),3)",ga,1.0,hs300,False,2024Q1,退役,2026Q2,0
832,"ts_argmin(ts_argmin(ts_argmin(ts_argmin(ts_slope(close,5),3)",ga,1.0,hs300,False,2024Q1,退役,2026Q1,0
833,"ts_argmin(ts_argmin(ts_slope(ts_slope(close,5),5),3),3)",ga,1.0,hs300,False,2024Q1,退役,2025Q3,0
834,"ts_argmin(ts_argmin(ts_argmin(open,3),5),3)",ga,1.0,hs300,False,2024Q1,退役,2026Q2,0
835,"ts_argmin(ts_argmin(ts_argmin(delta(high,3),3),3),5)",ga,1.0,hs300,False,2024Q1,退役,2025Q4,0
836,"abs(ts_decay_linear(slog(returns),5))",ga,1.0,zz500,False,2024Q1,退役,2025Q4,0
837,"ts_corr(returns,low,5)",ga,1.0,zz500,False,2024Q1,退役,2025Q4,0
838,"ts_std(abs(returns),10)",ga,1.0,zz500,False,2024Q1,在役,,0
839,"ts_er(ts_er(volume,60),40)",ga,1.0,zz500,False,2024Q1,退役,2026Q2,0
840,"ts_std(div(returns,delay(amount,120)),120)",ga,1.0,zz500,False,2024Q1,退役,2024Q2,0
841,"mul(mul(ts_std(ssqrt(ts_std(high,20)),20),ssqrt(abs(returns)",ga,1.0,zz1000,False,2024Q1,在役,,0
842,"mul(abs(ssqrt(abs(returns))),ts_std(open,3))",ga,1.0,zz1000,False,2024Q1,在役,,0
843,"mul(ts_std(high,3),ts_std(ts_std(amount,3),5))",ga,1.0,zz1000,False,2024Q1,在役,,0
844,"mul(mul(ts_std(ssqrt(abs(high)),10),ssqrt(abs(returns))),ts_",ga,1.0,zz1000,False,2024Q1,退役,2026Q3,0
845,"ts_std(div(returns,high),5)",ga,1.0,cyb,False,2024Q1,退役,2024Q4,0
846,"ts_corr(high,returns,60)",ga,1.0,cyb,False,2024Q1,退役,2026Q2,0
847,"ts_corr(entropy120,close,20)",ga,1.0,cyb,False,2024Q1,退役,2024Q2,0
848,"mul(ts_rank(open,3),open)",ga,-1.0,cyb,False,2024Q1,在役,,0
849,"ts_std(ts_corr(low,returns,60),3)",ga,1.0,cyb,False,2024Q1,退役,2025Q4,0
850,"sign(ts_er(open,20))",ga,1.0,cyb,False,2024Q1,退役,2025Q1,0
851,"delay(ts_slope(ts_argmin(delay(high,244),60),60),244)",ga,-1.0,cyb,False,2024Q1,在役,,0
852,"ts_corr(ts_std(entropy120,40),returns,60)",ga,-1.0,cyb,False,2024Q1,退役,2026Q3,0
853,"ts_corr(amount,ts_argmin(ts_er(ts_er(open,120),60),244),20)",ga,1.0,cyb,False,2024Q1,退役,2024Q3,0
854,"ts_rank(mul(beta120,high),3)",ga,-1.0,cyb,False,2024Q1,在役,,0
855,"add(ssqrt(beta120),ts_mean(entropy120,10))",ga,-1.0,kc50,False,2024Q1,在役,,0
856,"ts_max(ts_min(returns,60),10)",ga,-1.0,kc50,False,2024Q1,在役,,0
857,"delay(amount,120)",ga,-1.0,kc50,False,2024Q1,退役,2024Q3,0
858,"ts_min(ts_tsi(ts_decay_linear(returns,5),20),3)",ga,-1.0,kc50,False,2024Q1,在役,,0
859,"delta(entropy120,3)",ga,1.0,kc50,False,2024Q1,退役,2024Q4,0
860,"ts_min(low,20)",ga,-1.0,hongli,False,2024Q1,在役,,0
861,"add(close,delta(ts_argmax(high,120),3))",ga,-1.0,hongli,False,2024Q1,在役,,0
862,slog(abs(returns)),ga,1.0,hongli,False,2024Q1,在役,,0
863,"abs(ts_sum(returns,20))",ga,1.0,hongli,False,2024Q1,退役,2026Q2,0
864,"delta(abs(div(returns,close)),244)",ga,1.0,hongli,False,2024Q1,退役,2025Q4,0
865,"ts_corr(ts_rank(open,244),ts_argmin(amount,10),10)",ga,-1.0,hongli,False,2024Q1,在役,,0
866,"delay(delay(ema(high,5),5),120)",ga,-1.0,hongli,False,2024Q1,退役,2025Q4,0
867,"mul(ts_mean(entropy120,120),high)",ga,-1.0,hongli,False,2024Q1,在役,,0
868,"mul(ts_mean(ema(delay(add(open,close),120),120),120),low)",ga,-1.0,hongli,False,2024Q1,在役,,0
869,"mul(neg(entropy120),ts_min(close,120))",ga,1.0,hs300,False,2024Q2,在役,,0
870,"mul(delay(close,120),mul(ts_argmin(ts_corr(volume,beta120,40",ga,-1.0,hs300,False,2024Q2,退役,2026Q1,0
871,"mul(neg(entropy120),delay(low,40))",ga,1.0,hs300,False,2024Q2,退役,2025Q4,0
872,"mul(ts_min(entropy120,60),mul(ts_min(entropy120,120),close))",ga,-1.0,hs300,False,2024Q2,在役,,0
873,"mul(neg(entropy120),mul(entropy120,close))",ga,1.0,hs300,False,2024Q2,在役,,0
874,"delay(high,60)",ga,-1.0,hs300,False,2024Q2,在役,,1
875,"ts_slope(returns,20)",ga,-1.0,hs300,False,2024Q2,在役,,0
876,"mul(ts_min(entropy120,5),mul(close,ts_rank(open,3)))",ga,-1.0,hs300,False,2024Q2,在役,,0
877,"ts_er(mul(sub(open,high),delay(open,5)),3)",ga,-1.0,hs300,False,2024Q2,退役,2026Q1,0
878,"mul(delay(ts_min(entropy120,3),120),mul(close,ts_min(ts_min(",ga,-1.0,hs300,False,2024Q2,在役,,0
879,"ts_corr(delta(open,10),delta(open,10),40)",ga,-1.0,zz500,False,2024Q2,退役,2025Q1,0
880,"add(ts_argmin(low,20),ts_std(high,3))",ga,1.0,zz500,False,2024Q2,在役,,0
881,"add(ts_argmin(low,20),ts_std(add(ts_argmin(low,20),ts_std(cl",ga,1.0,zz500,False,2024Q2,在役,,0
882,"div(sub(low,abs(sub(high,open))),abs(ts_std(open,5)))",ga,-1.0,zz1000,False,2024Q2,在役,,0
883,"ts_argmax(ts_slope(ts_argmax(close,5),10),10)",ga,-1.0,kc50,False,2024Q2,退役,2024Q3,0
884,"ts_min(ts_mean(amount,40),3)",ga,-1.0,kc50,False,2024Q2,退役,2025Q4,0
885,"ts_min(ts_argmax(ts_tsi(close,5),10),3)",ga,1.0,kc50,False,2024Q2,退役,2025Q3,0
886,"ts_argmax(beta120,10)",ga,-1.0,kc50,False,2024Q2,退役,2025Q2,0
887,"ts_argmax(ts_argmax(ts_min(low,3),5),10)",ga,-1.0,kc50,False,2024Q2,退役,2026Q1,0
888,"ts_min(ts_min(ts_argmax(open,5),3),3)",ga,1.0,kc50,False,2024Q2,退役,2025Q2,0
889,"ts_argmax(ts_zscore(close,5),10)",ga,1.0,kc50,False,2024Q2,退役,2025Q2,0
890,"ts_sum(volume,20)",ga,-1.0,kc50,False,2024Q2,退役,2025Q3,0
891,"ts_slope(ts_argmax(ts_min(close,3),5),3)",ga,-1.0,kc50,False,2024Q2,在役,,0
892,"neg(ts_min(open,60))",ga,1.0,hongli,False,2024Q2,退役,2025Q4,0
893,"delay(high,40)",ga,-1.0,hongli,False,2024Q2,退役,2026Q1,0
894,"abs(ts_mean(returns,20))",ga,1.0,hongli,False,2024Q2,退役,2026Q2,0
895,open,ga,-1.0,hongli,False,2024Q2,在役,,0
896,"ts_min(ts_zscore(beta120,3),60)",ga,-1.0,hongli,False,2024Q2,在役,,0
897,"mul(entropy120,high)",ga,-1.0,hongli,False,2024Q2,在役,,0
898,"ts_rank(ts_std(amount,60),5)",ga,1.0,hongli,False,2024Q2,退役,2026Q2,0
899,"ts_rank(abs(ts_slope(volume,10)),5)",ga,1.0,hs300,False,2024Q3,在役,,0
900,"div(ts_argmax(amount,20),abs(ts_slope(add(amount,volume),10)",ga,-1.0,hs300,False,2024Q3,退役,2025Q4,0
901,"div(abs(ts_slope(ts_rank(ts_argmax(amount,20),5),10)),ts_ran",ga,1.0,hs300,False,2024Q3,退役,2025Q1,0
902,"mul(mul(abs(returns),mul(ts_std(delay(amount,60),10),ts_std(",ga,1.0,zz500,False,2024Q3,退役,2025Q4,0
903,"mul(abs(mul(sub(returns,ts_std(entropy120,3)),ts_std(high,10",ga,1.0,zz500,False,2024Q3,在役,,0
904,"mul(mul(abs(abs(high)),ts_std(slog(ema(amount,10)),5)),ts_st",ga,1.0,zz500,False,2024Q3,在役,,0
905,"ts_std(slog(ssqrt(amount)),10)",ga,1.0,zz500,False,2024Q3,在役,,0
906,"ts_rank(ts_max(volume,20),5)",ga,1.0,zz500,False,2024Q3,退役,2025Q1,0
907,"ts_sum(div(high,open),3)",ga,1.0,zz1000,False,2024Q3,在役,,0
908,"ts_std(ts_std(close,10),20)",ga,1.0,zz1000,False,2024Q3,退役,2026Q2,0
909,"ts_std(div(amount,open),5)",ga,1.0,zz1000,False,2024Q3,在役,,0
910,"ts_min(ts_std(delta(amount,120),40),5)",ga,-1.0,kc50,False,2024Q3,在役,,0
911,"delay(ts_std(ts_std(volume,120),40),20)",ga,-1.0,kc50,False,2024Q3,在役,,0
912,"ts_decay_linear(ts_std(delta(volume,3),40),20)",ga,-1.0,kc50,False,2024Q3,退役,2025Q3,0
913,"ts_std(ts_std(ts_er(close,5),120),40)",ga,1.0,kc50,False,2024Q3,退役,2026Q1,0
914,"ts_min(open,60)",ga,-1.0,hongli,False,2024Q3,退役,2025Q4,0
915,"ts_min(high,10)",ga,-1.0,hongli,False,2024Q3,在役,,0
916,"ema(div(high,entropy120),60)",ga,-1.0,hongli,False,2024Q3,在役,,0
917,"delay(entropy120,120)",ga,1.0,hongli,False,2024Q3,退役,2025Q3,0
918,"ts_min(ts_min(ts_min(open,40),10),120)",ga,-1.0,hongli,False,2024Q3,退役,2026Q1,0
919,"ts_min(neg(neg(ts_argmax(returns,10))),10)",ga,-1.0,hongli,False,2024Q3,退役,2024Q4,0
920,"div(beta120,high)",ga,1.0,hongli,False,2024Q3,在役,,0
921,"ts_er(neg(open),5)",ga,1.0,hongli,False,2024Q3,在役,,0
922,"ts_rank(volume,40)",ga,1.0,hongli,False,2024Q3,退役,2026Q3,0
923,"ts_max(neg(ts_slope(returns,10)),120)",ga,1.0,hongli,False,2024Q3,退役,2025Q4,0
924,"mul(entropy120,add(entropy120,ts_rank(ts_er(ts_argmax(entrop",ga,-1.0,hs300,False,2024Q4,退役,2025Q2,0
925,"ts_er(ts_argmax(entropy120,3),60)",ga,-1.0,hs300,False,2024Q4,退役,2025Q1,0
926,close,ga,-1.0,hs300,False,2024Q4,在役,,0
927,"mul(entropy120,ts_rank(ts_er(delay(entropy120,3),60),3))",ga,-1.0,hs300,False,2024Q4,退役,2025Q4,0
928,"mul(close,ts_rank(ts_er(ts_er(ts_argmax(entropy120,3),60),60",ga,-1.0,hs300,False,2024Q4,退役,2025Q2,0
929,"ts_argmax(ts_er(ts_argmax(entropy120,3),60),3)",ga,1.0,hs300,False,2024Q4,退役,2025Q2,0
930,"ts_er(ts_argmax(sign(ts_zscore(entropy120,10)),3),60)",ga,-1.0,hs300,False,2024Q4,退役,2025Q1,0
931,"delay(low,60)",ga,-1.0,hs300,False,2024Q4,退役,2026Q3,0
932,entropy120,ga,-1.0,hs300,False,2024Q4,退役,2025Q4,0
933,"ssqrt(ts_std(close,5))",ga,1.0,zz500,False,2024Q4,在役,,0
934,"ts_max(abs(returns),10)",ga,1.0,zz500,False,2024Q4,在役,,0
935,"ts_std(slog(ts_slope(slog(close),5)),5)",ga,1.0,zz500,False,2024Q4,退役,2025Q4,0
936,"div(ts_std(open,5),high)",ga,1.0,zz500,False,2024Q4,在役,,0
937,"ts_std(slog(ema(sub(open,volume),60)),5)",ga,1.0,zz500,False,2024Q4,退役,2025Q4,0
938,"ssqrt(ts_std(amount,5))",ga,1.0,zz500,False,2024Q4,在役,,0
939,"ts_rank(ts_std(amount,20),5)",ga,1.0,zz500,False,2024Q4,退役,2025Q1,0
940,"ts_std(close,20)",ga,1.0,zz500,False,2024Q4,在役,,0
941,"abs(delta(low,20))",ga,1.0,zz500,False,2024Q4,退役,2026Q1,0
942,"ssqrt(ts_corr(open,close,40))",ga,1.0,zz500,False,2024Q4,退役,2026Q1,0
943,"ts_std(delta(amount,10),5)",ga,1.0,zz500,False,2024Q4,退役,2026Q1,0
944,"ts_std(ts_std(ts_std(high,20),3),5)",ga,1.0,zz1000,False,2024Q4,在役,,1
945,"ts_std(ts_std(amount,5),3)",ga,1.0,zz1000,False,2024Q4,退役,2025Q4,0
946,"ts_std(amount,5)",ga,1.0,zz1000,False,2024Q4,在役,,0
947,"ts_std(ts_std(high,5),3)",ga,1.0,zz1000,False,2024Q4,退役,2025Q4,0
948,"delay(add(delay(high,40),delay(high,244)),244)",ga,-1.0,cyb,False,2024Q4,退役,2025Q4,0
949,"abs(delta(close,20))",ga,1.0,cyb,False,2024Q4,退役,2025Q4,0
950,"ts_argmin(ts_std(slog(returns),10),3)",ga,1.0,cyb,False,2024Q4,退役,2025Q2,0
951,"ts_er(ts_argmin(add(close,ts_std(slog(returns),10)),244),10)",ga,-1.0,cyb,False,2024Q4,退役,2026Q2,0
952,"delay(delay(high,244),244)",ga,-1.0,cyb,False,2024Q4,退役,2025Q4,0
953,"neg(ts_std(slog(returns),10))",ga,-1.0,cyb,False,2024Q4,在役,,0
954,"ts_std(slog(returns),3)",ga,1.0,cyb,False,2024Q4,在役,,0
955,"ts_std(slog(high),10)",ga,1.0,cyb,False,2024Q4,退役,2025Q4,0
956,"abs(ts_decay_linear(returns,20))",ga,1.0,cyb,False,2024Q4,退役,2025Q4,0
957,"ts_corr(open,returns,5)",ga,1.0,cyb,False,2024Q4,退役,2025Q4,0
958,"ts_min(ts_min(delta(ts_min(entropy120,5),60),5),10)",ga,-1.0,kc50,False,2024Q4,退役,2026Q1,0
959,"ts_min(div(ts_min(returns,60),ssqrt(close)),5)",ga,-1.0,kc50,False,2024Q4,在役,,0
960,"ts_slope(entropy120,60)",ga,-1.0,kc50,False,2024Q4,退役,2026Q3,0
961,"neg(ts_corr(close,high,5))",ga,-1.0,kc50,False,2024Q4,在役,,0
962,"ts_min(returns,120)",ga,-1.0,kc50,False,2024Q4,退役,2026Q3,0
963,"ema(low,20)",ga,-1.0,hongli,False,2024Q4,在役,,0
964,volume,ga,1.0,hongli,False,2024Q4,退役,2026Q3,0
965,"ts_rank(ts_tsi(ts_slope(volume,10),60),10)",ga,1.0,hongli,False,2024Q4,退役,2025Q4,0
966,"div(add(open,returns),div(beta120,open))",ga,-1.0,hongli,False,2024Q4,在役,,0
967,"ts_tsi(ts_er(volume,5),60)",ga,1.0,hongli,False,2024Q4,退役,2025Q2,0
968,"add(sub(slog(high),ssqrt(returns)),sign(ts_rank(amount,5)))",ga,-1.0,hongli,False,2024Q4,在役,,0
969,"ts_min(close,120)",ga,-1.0,hongli,False,2024Q4,退役,2025Q4,0
970,"ts_slope(ts_min(ts_min(low,244),244),10)",ga,-1.0,hs300,False,2025Q1,在役,,0
971,"ts_argmax(delay(entropy120,40),3)",ga,1.0,hs300,False,2025Q1,在役,,0
972,"ts_min(delta(ts_zscore(high,60),120),3)",ga,-1.0,hs300,False,2025Q1,在役,,0
973,neg(abs(abs(returns))),ga,-1.0,hs300,False,2025Q1,退役,2025Q4,0
974,"div(low,close)",ga,1.0,hs300,False,2025Q1,在役,,0
975,"ts_max(delta(volume,10),244)",ga,1.0,hs300,False,2025Q1,在役,,0
976,"mul(sub(open,sub(high,slog(open))),ts_sum(abs(beta120),40))",ga,-1.0,hs300,False,2025Q1,退役,2026Q1,0
977,"ts_argmin(entropy120,10)",ga,-1.0,hs300,False,2025Q1,退役,2025Q2,0
978,"abs(div(sub(close,neg(open)),high))",ga,-1.0,zz500,False,2025Q1,在役,,0
979,"abs(ts_mean(returns,10))",ga,1.0,zz500,False,2025Q1,退役,2025Q4,0
980,"div(sub(close,abs(ts_std(close,5))),high)",ga,-1.0,zz500,False,2025Q1,在役,,0
981,"ts_tsi(abs(returns),40)",ga,1.0,zz500,False,2025Q1,退役,2026Q1,0
982,"abs(ts_mean(abs(abs(ts_mean(returns,10))),10))",ga,1.0,zz500,False,2025Q1,在役,,0
983,"abs(delta(amount,20))",ga,1.0,zz500,False,2025Q1,退役,2025Q3,0
984,"abs(ema(returns,10))",ga,1.0,zz500,False,2025Q1,退役,2025Q4,0
985,"ts_std(ts_sum(amount,5),5)",ga,1.0,zz500,False,2025Q1,在役,,0
986,"div(ts_max(sub(high,entropy120),3),open)",ga,1.0,zz1000,False,2025Q1,在役,,0
987,"ts_std(ts_std(ts_std(high,10),10),10)",ga,1.0,zz1000,False,2025Q1,在役,,0
988,"ts_std(ssqrt(returns),5)",ga,1.0,zz1000,False,2025Q1,在役,,0
989,"abs(ts_corr(close,ts_std(ts_sum(close,20),3),20))",ga,1.0,cyb,False,2025Q1,在役,,0
990,"neg(ts_corr(high,close,20))",ga,-1.0,cyb,False,2025Q1,退役,2025Q4,0
991,"ts_std(ts_sum(high,20),3)",ga,1.0,cyb,False,2025Q1,在役,,1
992,"ts_corr(add(beta120,mul(low,beta120)),open,20)",ga,1.0,cyb,False,2025Q1,退役,2025Q4,0
993,"ts_rank(ts_sum(ts_corr(high,close,20),20),3)",ga,1.0,cyb,False,2025Q1,退役,2025Q4,0
994,"ts_corr(high,open,20)",ga,1.0,cyb,False,2025Q1,在役,,0
995,"ts_std(neg(returns),3)",ga,1.0,cyb,False,2025Q1,在役,,0
996,"ts_rank(neg(ts_corr(open,open,20)),20)",ga,-1.0,cyb,False,2025Q1,退役,2025Q4,0
997,"mul(open,mul(ts_min(ts_min(ts_min(amount,20),20),20),ts_min(",ga,1.0,kc50,False,2025Q1,在役,,0
998,"mul(open,mul(ts_min(ts_min(ts_min(amount,20),20),20),ts_min(",ga,1.0,kc50,False,2025Q1,在役,,0
999,"mul(ts_min(volume,20),ts_min(ts_er(volume,5),20))",ga,1.0,kc50,False,2025Q1,退役,2025Q2,0
1000,"mul(ts_min(open,20),ts_min(ts_er(volume,5),20))",ga,1.0,kc50,False,2025Q1,在役,,0
1001,"mul(mul(beta120,ssqrt(entropy120)),mul(ts_min(ts_min(ts_min(",ga,-1.0,kc50,False,2025Q1,在役,,0
1002,"mul(open,mul(ts_min(ts_min(ts_min(amount,20),20),20),ts_min(",ga,1.0,kc50,False,2025Q1,退役,2026Q1,0
1003,"mul(open,ts_min(volume,60))",ga,-1.0,kc50,False,2025Q1,在役,,0
1004,"mul(close,ts_min(mul(ts_rank(ts_min(amount,20),120),ts_min(t",ga,1.0,kc50,False,2025Q1,在役,,0
1005,"abs(sub(ts_min(returns,3),neg(returns)))",ga,1.0,hongli,False,2025Q1,在役,,0
1006,"add(ts_min(high,40),open)",ga,-1.0,hongli,False,2025Q1,在役,,0
1007,"delta(ts_max(amount,20),3)",ga,1.0,hongli,False,2025Q1,退役,2025Q4,0
1008,"ts_slope(ts_slope(low,5),3)",ga,1.0,hongli,False,2025Q1,退役,2025Q4,0
1009,"abs(ts_zscore(ts_argmin(low,60),60))",ga,1.0,hongli,False,2025Q1,在役,,0
1010,"ts_argmin(amount,20)",ga,-1.0,hongli,False,2025Q1,退役,2026Q2,0
1011,"ts_tsi(ts_min(ts_tsi(close,5),5),5)",ga,-1.0,hs300,False,2025Q2,在役,,0
1012,"delay(ts_tsi(ts_std(ema(entropy120,3),244),244),10)",ga,1.0,hs300,False,2025Q2,在役,,0
1013,"add(ts_tsi(ts_slope(open,5),5),entropy120)",ga,-1.0,hs300,False,2025Q2,在役,,1
1014,"ts_tsi(mul(open,entropy120),5)",ga,-1.0,hs300,False,2025Q2,在役,,0
1015,"delay(ts_tsi(ts_std(ts_argmax(low,20),244),244),10)",ga,-1.0,hs300,False,2025Q2,在役,,1
1016,"ts_tsi(ts_sum(ts_argmin(amount,60),244),120)",ga,1.0,hs300,False,2025Q2,在役,,0
1017,"add(ts_std(beta120,244),entropy120)",ga,-1.0,hs300,False,2025Q2,退役,2025Q4,0
1018,"ts_min(ts_tsi(close,5),5)",ga,-1.0,hs300,False,2025Q2,在役,,0
1019,"ema(abs(div(close,high)),3)",ga,-1.0,zz500,False,2025Q2,在役,,0
1020,"ts_std(ema(ema(returns,3),3),3)",ga,1.0,zz500,False,2025Q2,在役,,0
1021,"ts_max(div(low,high),3)",ga,-1.0,zz500,False,2025Q2,退役,2026Q3,0
1022,"ts_std(sub(low,high),3)",ga,1.0,zz500,False,2025Q2,在役,,0
1023,"abs(ts_zscore(amount,20))",ga,1.0,zz500,False,2025Q2,在役,,0
1024,"delay(div(low,high),3)",ga,-1.0,zz500,False,2025Q2,退役,2026Q3,0
1025,"mul(delay(volume,5),ts_tsi(ts_tsi(open,5),5))",ga,-1.0,zz500,False,2025Q2,退役,2025Q4,0
1026,"ts_min(abs(mul(returns,high)),3)",ga,1.0,zz500,False,2025Q2,退役,2026Q3,0
1027,"ts_tsi(open,5)",ga,-1.0,zz500,False,2025Q2,在役,,1
1028,"ts_std(abs(returns),5)",ga,1.0,zz1000,False,2025Q2,在役,,0
1029,"ts_std(delta(open,3),5)",ga,1.0,zz1000,False,2025Q2,在役,,0
1030,"ts_std(abs(open),5)",ga,1.0,zz1000,False,2025Q2,在役,,0
1031,"ts_std(ssqrt(mul(returns,high)),5)",ga,1.0,zz1000,False,2025Q2,在役,,0
1032,"sub(sub(ts_std(ts_std(open,3),5),ts_zscore(high,60)),ts_er(h",ga,1.0,zz1000,False,2025Q2,退役,2025Q4,0
1033,"ts_std(abs(amount),5)",ga,1.0,zz1000,False,2025Q2,在役,,0
1034,"ts_std(ts_std(close,5),5)",ga,1.0,zz1000,False,2025Q2,在役,,0
1035,"ts_std(ts_std(abs(returns),3),5)",ga,1.0,zz1000,False,2025Q2,在役,,0
1036,"ts_tsi(ts_rank(div(close,ts_tsi(volume,5)),10),5)",ga,-1.0,cyb,False,2025Q2,退役,2026Q3,0
1037,"ts_er(ts_mean(ts_argmax(returns,40),10),10)",ga,-1.0,cyb,False,2025Q2,退役,2025Q4,0
1038,"div(ts_min(returns,120),entropy120)",ga,-1.0,cyb,False,2025Q2,在役,,0
1039,"delta(ts_mean(ts_argmax(high,40),10),10)",ga,-1.0,cyb,False,2025Q2,退役,2026Q1,0
1040,"ts_argmax(ema(ts_er(volume,5),5),40)",ga,-1.0,cyb,False,2025Q2,退役,2025Q4,0
1041,"div(ts_min(returns,120),returns)",ga,1.0,cyb,False,2025Q2,在役,,0
1042,"ts_slope(sub(ts_argmin(sub(entropy120,returns),60),entropy12",ga,-1.0,kc50,False,2025Q2,退役,2025Q3,0
1043,"ts_slope(div(ts_argmin(sub(entropy120,returns),60),entropy12",ga,-1.0,kc50,False,2025Q2,退役,2025Q3,0
1044,"ts_argmin(delta(delta(returns,5),40),3)",ga,1.0,kc50,False,2025Q2,退役,2026Q1,0
1045,"ts_slope(sub(ts_argmin(sub(entropy120,returns),40),entropy12",ga,-1.0,kc50,False,2025Q2,退役,2025Q4,0
1046,"ts_slope(sub(ts_argmin(sub(entropy120,high),3),returns),3)",ga,-1.0,kc50,False,2025Q2,退役,2026Q3,0
1047,"ts_zscore(ts_argmin(ts_zscore(ts_argmin(ts_rank(entropy120,2",ga,-1.0,hongli,False,2025Q2,在役,,0
1048,"ts_zscore(ts_argmin(ts_argmin(ts_zscore(entropy120,20),20),2",ga,-1.0,hongli,False,2025Q2,在役,,0
1049,"ts_zscore(delay(open,3),3)",ga,-1.0,hongli,False,2025Q2,在役,,0
1050,"abs(add(ts_zscore(volume,10),returns))",ga,1.0,hongli,False,2025Q2,在役,,0
1051,"ts_argmin(ts_min(high,40),20)",ga,-1.0,hongli,False,2025Q2,在役,,0
1052,"ts_zscore(ts_argmin(entropy120,120),120)",ga,-1.0,hongli,False,2025Q2,在役,,0
1053,"ts_zscore(ts_argmin(ts_zscore(entropy120,244),20),244)",ga,-1.0,hongli,False,2025Q2,在役,,0
1054,"ts_er(ts_er(open,5),5)",ga,-1.0,hongli,False,2025Q2,退役,2026Q1,0
1055,"ts_zscore(ts_argmin(entropy120,40),120)",ga,-1.0,hongli,False,2025Q2,在役,,0
1056,"ts_argmin(ts_zscore(delta(entropy120,20),20),20)",ga,-1.0,hongli,False,2025Q2,在役,,0
1057,"ts_zscore(delta(entropy120,20),120)",ga,-1.0,hongli,False,2025Q2,退役,2026Q2,0
1058,"ts_er(add(delta(ts_max(low,3),5),ts_std(low,60)),5)",ga,-1.0,hs300,False,2025Q3,在役,,1
1059,"ts_argmin(ts_argmin(delta(high,5),3),20)",ga,-1.0,hs300,False,2025Q3,退役,2025Q4,0
1060,"delta(mul(ts_mean(entropy120,10),ssqrt(open)),5)",ga,-1.0,hs300,False,2025Q3,在役,,0
1061,"ts_argmin(ts_argmin(close,3),20)",ga,-1.0,hs300,False,2025Q3,退役,2025Q4,0
1062,"delta(ts_argmin(ts_argmin(low,3),20),5)",ga,-1.0,hs300,False,2025Q3,退役,2026Q2,0
1063,"delta(ts_argmin(ts_argmin(add(open,open),5),20),5)",ga,-1.0,hs300,False,2025Q3,退役,2025Q4,0
1064,"ts_argmin(ts_argmin(delta(delta(ts_max(low,3),5),5),3),20)",ga,-1.0,hs300,False,2025Q3,退役,2026Q1,0
1065,"delta(ts_argmin(ts_argmin(add(delta(open,5),open),3),20),5)",ga,-1.0,hs300,False,2025Q3,退役,2025Q4,0
1066,"ts_slope(ts_argmin(close,3),20)",ga,-1.0,hs300,False,2025Q3,在役,,0
1067,"abs(ts_slope(ts_argmin(close,3),20))",ga,1.0,hs300,False,2025Q3,在役,,0
1068,"ts_argmin(ts_argmin(low,3),20)",ga,-1.0,hs300,False,2025Q3,退役,2026Q1,0
1069,"delta(ts_argmin(ts_argmin(close,3),20),5)",ga,-1.0,hs300,False,2025Q3,退役,2026Q2,0
1070,"ts_slope(ts_argmin(delta(open,5),3),20)",ga,-1.0,hs300,False,2025Q3,退役,2026Q2,0
1071,"div(neg(open),add(ts_std(high,5),high))",ga,1.0,zz500,False,2025Q3,在役,,0
1072,"slog(ts_std(returns,5))",ga,1.0,zz500,False,2025Q3,退役,2025Q4,0
1073,"div(open,add(ema(high,5),ts_std(close,3)))",ga,-1.0,zz500,False,2025Q3,退役,2026Q3,0
1074,"add(ts_std(high,40),div(neg(open),ts_std(high,5)))",ga,1.0,zz500,False,2025Q3,退役,2026Q3,0
1075,"div(low,add(ts_std(high,5),open))",ga,-1.0,zz500,False,2025Q3,在役,,0
1076,"abs(div(ts_mean(high,60),ts_slope(sub(returns,open),10)))",ga,-1.0,zz500,False,2025Q3,退役,2025Q4,0
1077,"div(amount,ts_std(high,5))",ga,-1.0,zz500,False,2025Q3,在役,,0
1078,"add(ts_std(ts_std(returns,5),5),ts_std(returns,3))",ga,1.0,zz500,False,2025Q3,在役,,0
1079,"neg(div(high,close))",ga,-1.0,zz500,False,2025Q3,在役,,0
1080,"add(ts_std(high,5),ts_std(div(high,add(ts_std(high,5),ts_std",ga,1.0,zz500,False,2025Q3,在役,,0
1081,"ema(ts_max(div(abs(ts_mean(returns,10)),high),5),3)",ga,1.0,zz1000,False,2025Q3,在役,,1
1082,"delta(ts_zscore(ts_std(div(high,close),244),10),40)",ga,1.0,zz1000,False,2025Q3,退役,2026Q2,0
1083,"ts_std(ema(ts_er(returns,20),244),20)",ga,1.0,zz1000,False,2025Q3,在役,,0
1084,"ts_std(ssqrt(ts_std(returns,60)),20)",ga,1.0,zz1000,False,2025Q3,在役,,0
1085,"delay(div(high,low),3)",ga,1.0,zz1000,False,2025Q3,退役,2026Q3,0
1086,"delta(ts_zscore(ts_std(div(high,low),244),10),40)",ga,1.0,zz1000,False,2025Q3,在役,,0
1087,"ema(sub(high,close),3)",ga,1.0,zz1000,False,2025Q3,在役,,0
1088,"ts_std(ts_corr(ts_argmax(sub(volume,amount),244),ts_corr(ts_",ga,-1.0,cyb,False,2025Q3,在役,,0
1089,"ts_slope(div(delta(volume,20),ssqrt(close)),20)",ga,1.0,cyb,False,2025Q3,退役,2025Q4,0
1090,"ts_std(ts_argmax(sub(entropy120,amount),244),244)",ga,-1.0,cyb,False,2025Q3,在役,,0
1091,"ts_slope(div(delta(volume,20),ssqrt(close)),40)",ga,1.0,cyb,False,2025Q3,退役,2025Q4,0
1092,"mul(mul(mul(ts_argmax(high,20),open),high),add(entropy120,ts",ga,-1.0,kc50,False,2025Q3,在役,,0
1093,"add(mul(entropy120,entropy120),ts_argmax(beta120,10))",ga,-1.0,kc50,False,2025Q3,退役,2026Q3,0
1094,"add(ts_argmax(entropy120,20),ts_tsi(ts_std(beta120,120),3))",ga,-1.0,kc50,False,2025Q3,退役,2026Q3,0
1095,"ts_std(returns,244)",ga,1.0,kc50,False,2025Q3,退役,2026Q3,0
1096,"sub(entropy120,delay(ts_argmax(high,20),60))",ga,-1.0,kc50,False,2025Q3,退役,2026Q2,0
1097,"mul(mul(ts_argmax(returns,20),open),amount)",ga,-1.0,kc50,False,2025Q3,在役,,0
1098,"ts_argmin(ts_zscore(entropy120,20),20)",ga,-1.0,hongli,False,2025Q3,在役,,0
1099,"ts_argmin(ts_argmin(ts_zscore(entropy120,20),20),20)",ga,-1.0,hongli,False,2025Q3,在役,,0
1100,"abs(ts_zscore(amount,10))",ga,1.0,hongli,False,2025Q3,在役,,0
1101,"delta(open,5)",ga,-1.0,hongli,False,2025Q3,在役,,0
1102,"delta(abs(returns),40)",ga,1.0,hongli,False,2025Q3,退役,2025Q4,0
1103,"ts_argmin(ts_zscore(entropy120,244),20)",ga,-1.0,hongli,False,2025Q3,在役,,0
1104,"ts_argmin(ts_zscore(ts_argmin(ts_slope(entropy120,10),20),24",ga,-1.0,hongli,False,2025Q3,在役,,0
1105,"ts_argmin(ts_zscore(ts_argmin(ts_rank(entropy120,20),20),244",ga,-1.0,hongli,False,2025Q3,在役,,0
1106,"mul(neg(ts_max(high,120)),ts_mean(entropy120,244))",ga,1.0,hs300,False,2025Q4,退役,2026Q1,0
1107,"mul(mul(sub(high,entropy120),entropy120),high)",ga,-1.0,hs300,False,2025Q4,在役,,0
1108,"ts_slope(entropy120,10)",ga,-1.0,hs300,False,2025Q4,在役,,0
1109,"mul(mul(ts_min(entropy120,244),ts_min(entropy120,244)),amoun",ga,-1.0,hs300,False,2025Q4,在役,,0
1110,"ts_argmin(ts_argmin(mul(high,open),60),40)",ga,-1.0,hs300,False,2025Q4,在役,,1
1111,"div(high,close)",ga,1.0,zz500,False,2025Q4,在役,,0
1112,"ts_std(div(high,close),5)",ga,1.0,zz500,False,2025Q4,在役,,0
1113,"abs(mul(returns,amount))",ga,1.0,zz500,False,2025Q4,退役,2026Q1,0
1114,"abs(mul(mul(returns,ts_std(high,5)),ts_std(ssqrt(ts_max(amou",ga,1.0,zz500,False,2025Q4,在役,,0
1115,"div(ts_std(high,5),low)",ga,1.0,zz1000,False,2025Q4,在役,,0
1116,"div(ts_std(high,5),abs(ts_tsi(beta120,5)))",ga,1.0,zz1000,False,2025Q4,在役,,0
1117,"div(ts_std(div(high,open),5),low)",ga,1.0,zz1000,False,2025Q4,在役,,0
1118,"ts_slope(ts_argmax(mul(ts_argmax(ts_decay_linear(high,3),20)",ga,1.0,kc50,False,2025Q4,在役,,0
1119,"ts_argmin(ts_argmax(mul(high,beta120),5),40)",ga,-1.0,kc50,False,2025Q4,在役,,0
1120,"abs(ts_min(ts_slope(entropy120,60),20))",ga,1.0,kc50,False,2025Q4,在役,,0
1121,"ts_slope(ts_argmax(delta(add(high,high),20),5),40)",ga,-1.0,kc50,False,2025Q4,退役,2026Q1,0
1122,"ts_slope(ts_argmax(ts_argmax(mul(mul(open,beta120),beta120),",ga,-1.0,kc50,False,2025Q4,在役,,0
1123,"ts_slope(ts_argmax(mul(high,ts_argmax(slog(amount),20)),5),4",ga,1.0,kc50,False,2025Q4,退役,2026Q3,0
1124,"ts_corr(add(open,amount),low,120)",ga,-1.0,hongli,False,2025Q4,在役,,0
1125,"ts_corr(add(open,amount),add(entropy120,amount),120)",ga,1.0,hongli,False,2025Q4,在役,,0
1126,"ts_corr(ts_argmax(ts_zscore(beta120,120),10),open,120)",ga,1.0,hongli,False,2025Q4,在役,,0
1127,"abs(delay(ts_slope(mul(close,high),120),10))",ga,-1.0,hongli,False,2025Q4,在役,,0
1128,"ts_zscore(open,60)",ga,-1.0,hongli,False,2025Q4,在役,,0
1129,"ts_corr(add(open,open),ssqrt(low),120)",ga,-1.0,hongli,False,2025Q4,在役,,0
1130,"ts_tsi(ts_corr(returns,open,244),244)",ga,-1.0,hongli,False,2025Q4,在役,,0
1131,"ts_std(ts_er(volume,40),120)",ga,-1.0,hongli,False,2025Q4,退役,2026Q1,0
1132,"slog(div(low,close))",ga,1.0,hs300,False,2026Q1,在役,,0
1133,"ts_rank(ts_corr(open,close,20),120)",ga,1.0,hs300,False,2026Q1,在役,,0
1134,"ema(returns,3)",ga,-1.0,hs300,False,2026Q1,在役,,0
1135,"ts_slope(ema(slog(entropy120),10),3)",ga,-1.0,hs300,False,2026Q1,在役,,0
1136,"abs(delta(neg(close),10))",ga,1.0,zz500,False,2026Q1,退役,2026Q3,0
1137,"abs(delta(slog(div(close,neg(amount))),10))",ga,1.0,zz500,False,2026Q1,在役,,0
1138,"abs(delta(amount,10))",ga,1.0,zz500,False,2026Q1,在役,,0
1139,"abs(ts_std(neg(close),10))",ga,1.0,zz500,False,2026Q1,在役,,0
1140,"slog(ts_std(returns,3))",ga,1.0,zz500,False,2026Q1,在役,,0
1141,"abs(delta(delay(ts_corr(returns,returns,244),60),10))",ga,1.0,zz500,False,2026Q1,在役,,0
1142,"abs(mul(amount,ts_min(returns,3)))",ga,1.0,zz500,False,2026Q1,退役,2026Q3,0
1143,"abs(delta(slog(div(close,ts_decay_linear(entropy120,20))),10",ga,1.0,zz500,False,2026Q1,在役,,0
1144,"abs(delta(neg(sub(ts_rank(amount,5),beta120)),10))",ga,1.0,zz500,False,2026Q1,在役,,0
1145,"ts_std(ts_decay_linear(ts_zscore(open,120),3),10)",ga,1.0,zz1000,False,2026Q1,在役,,0
1146,"ts_std(sub(slog(returns),ts_decay_linear(entropy120,3)),10)",ga,1.0,zz1000,False,2026Q1,在役,,0
1147,"ts_std(ts_std(returns,10),10)",ga,1.0,zz1000,False,2026Q1,在役,,0
1148,"ts_std(low,5)",ga,1.0,zz1000,False,2026Q1,在役,,0
1149,"ts_std(slog(ts_min(low,10)),10)",ga,1.0,zz1000,False,2026Q1,在役,,0
1150,"ssqrt(div(div(ts_min(returns,244),close),beta120))",ga,-1.0,kc50,False,2026Q1,在役,,0
1151,"ssqrt(div(ts_min(returns,244),ts_corr(close,returns,5)))",ga,-1.0,kc50,False,2026Q1,退役,2026Q2,0
1152,"ssqrt(ts_min(returns,244))",ga,-1.0,kc50,False,2026Q1,在役,,0
1153,"ts_decay_linear(div(ts_rank(returns,20),ts_corr(open,volume,",ga,-1.0,kc50,False,2026Q1,在役,,0
1154,"ts_rank(ts_min(mul(sub(returns,high),delta(returns,3)),5),3)",ga,-1.0,kc50,False,2026Q1,在役,,0
1155,"ssqrt(div(add(ts_min(returns,244),div(ts_min(returns,244),ts",ga,-1.0,kc50,False,2026Q1,在役,,0
1156,"ssqrt(div(ts_min(returns,120),close))",ga,-1.0,kc50,False,2026Q1,在役,,0
1157,"ts_decay_linear(div(ts_rank(returns,20),ts_corr(close,volume",ga,-1.0,kc50,False,2026Q1,在役,,0
1158,"ts_std(div(ts_min(returns,244),close),5)",ga,1.0,kc50,False,2026Q1,在役,,0
1159,"slog(div(ts_min(ts_std(returns,3),244),close))",ga,1.0,kc50,False,2026Q1,在役,,0
1160,"ts_zscore(ts_min(mul(ts_mean(slog(beta120),20),entropy120),4",ga,-1.0,hongli,False,2026Q1,在役,,1
1161,"ts_slope(ts_min(entropy120,40),10)",ga,-1.0,hongli,False,2026Q1,在役,,0
1162,"abs(ts_tsi(amount,5))",ga,1.0,hongli,False,2026Q1,在役,,0
1163,"ts_zscore(ts_zscore(ts_tsi(entropy120,20),20),20)",ga,-1.0,hongli,False,2026Q1,在役,,0
1164,"ts_zscore(ts_slope(ts_slope(entropy120,20),10),20)",ga,-1.0,hongli,False,2026Q1,在役,,0
1165,"ts_zscore(ts_min(mul(mul(open,ts_min(entropy120,5)),open),40",ga,-1.0,hongli,False,2026Q1,在役,,0
1166,"ts_corr(low,open,60)",ga,-1.0,hongli,False,2026Q1,在役,,0
1167,"ts_zscore(entropy120,120)",ga,-1.0,hongli,False,2026Q1,退役,2026Q2,0
1168,"div(entropy120,ts_max(returns,3))",ga,-1.0,hs300,False,2026Q2,在役,,0
1169,"ssqrt(ts_tsi(entropy120,20))",ga,-1.0,hs300,False,2026Q2,在役,,0
1170,"ts_std(slog(slog(ts_zscore(div(low,entropy120),10))),244)",ga,-1.0,hs300,False,2026Q2,在役,,0
1171,"ts_std(slog(ts_rank(ts_max(volume,40),40)),244)",ga,1.0,hs300,False,2026Q2,在役,,0
1172,"ts_corr(open,sub(high,beta120),20)",ga,1.0,hs300,False,2026Q2,退役,2026Q3,0
1173,"ts_er(ts_slope(ts_sum(high,5),5),5)",ga,-1.0,zz500,False,2026Q2,在役,,0
1174,"ts_std(mul(high,close),5)",ga,1.0,zz500,False,2026Q2,在役,,0
1175,"div(abs(delta(amount,20)),abs(low))",ga,1.0,zz500,False,2026Q2,在役,,0
1176,"abs(ts_zscore(ts_zscore(amount,20),20))",ga,1.0,zz500,False,2026Q2,在役,,1
1177,"abs(ts_zscore(volume,10))",ga,1.0,zz500,False,2026Q2,在役,,0
1178,"ts_rank(ts_std(returns,40),5)",ga,1.0,zz1000,False,2026Q2,在役,,0
1179,"ts_zscore(ts_er(ts_std(returns,40),20),5)",ga,1.0,zz1000,False,2026Q2,在役,,0
1180,"ts_max(abs(neg(delta(high,10))),3)",ga,1.0,zz1000,False,2026Q2,在役,,0
1181,"ts_std(ts_sum(abs(returns),3),5)",ga,1.0,zz1000,False,2026Q2,在役,,0
1182,"ts_zscore(ts_zscore(ts_std(returns,40),120),5)",ga,1.0,zz1000,False,2026Q2,在役,,0
1183,"ts_zscore(ts_tsi(ts_std(returns,40),5),40)",ga,1.0,zz1000,False,2026Q2,在役,,0
1184,"ts_max(ts_std(ts_decay_linear(ts_zscore(returns,40),120),5),",ga,1.0,zz1000,False,2026Q2,在役,,0
1185,"ts_std(abs(ts_std(close,5)),5)",ga,1.0,zz1000,False,2026Q2,在役,,0
1186,"ts_zscore(ts_std(returns,10),40)",ga,1.0,zz1000,False,2026Q2,在役,,0
1187,"ts_zscore(ts_zscore(ts_std(returns,40),60),5)",ga,1.0,zz1000,False,2026Q2,在役,,0
1188,"ts_max(ts_std(ts_std(returns,5),5),3)",ga,1.0,zz1000,False,2026Q2,在役,,0
1189,"ts_min(returns,244)",ga,-1.0,kc50,False,2026Q2,在役,,0
1190,"ts_std(ts_std(returns,5),5)",ga,1.0,kc50,False,2026Q2,在役,,0
1191,"delta(delta(beta120,10),5)",ga,-1.0,kc50,False,2026Q2,在役,,0
1192,"mul(mul(ts_rank(open,40),ts_rank(ts_rank(ts_slope(entropy120",ga,-1.0,hongli,False,2026Q2,在役,,0
1193,"mul(ts_rank(entropy120,40),ts_rank(ts_min(ts_decay_linear(re",ga,-1.0,hongli,False,2026Q2,在役,,0
1194,"mul(ts_rank(ts_argmin(entropy120,120),40),ts_rank(ts_min(ts_",ga,-1.0,hongli,False,2026Q2,在役,,0
1195,"mul(mul(high,ts_rank(delta(ts_slope(entropy120,20),10),40)),",ga,-1.0,hongli,False,2026Q2,在役,,0
1196,"mul(mul(ts_rank(delta(open,5),40),entropy120),ts_argmin(entr",ga,-1.0,hongli,False,2026Q2,在役,,0
1197,"ts_rank(ts_er(ts_sum(close,10),120),20)",ga,-1.0,hs300,False,2026Q3,在役,,0
1198,"ts_slope(ts_mean(entropy120,5),3)",ga,-1.0,hs300,False,2026Q3,在役,,0
1199,"ts_std(high,10)",ga,1.0,zz500,False,2026Q3,在役,,0
1200,"div(neg(ts_std(delta(delta(volume,40),40),5)),abs(returns))",ga,1.0,zz500,False,2026Q3,在役,,0
1201,"mul(ts_er(returns,120),sign(returns))",ga,1.0,zz500,False,2026Q3,在役,,0
1202,"div(div(ts_std(ts_decay_linear(amount,5),10),delta(amount,5)",ga,-1.0,zz500,False,2026Q3,在役,,0
1203,"ts_min(ts_argmax(ts_min(amount,10),40),3)",ga,-1.0,zz500,False,2026Q3,在役,,0
1204,"div(neg(ts_std(amount,5)),open)",ga,-1.0,zz500,False,2026Q3,在役,,0
1205,"div(neg(ts_std(low,5)),ts_decay_linear(ts_decay_linear(low,5",ga,-1.0,zz500,False,2026Q3,在役,,0
1206,"ts_std(ema(returns,5),5)",ga,1.0,zz1000,False,2026Q3,在役,,0
1207,"ts_std(ema(ts_std(ema(returns,120),5),5),5)",ga,1.0,zz1000,False,2026Q3,在役,,0
1208,"ts_std(delta(slog(amount),10),5)",ga,1.0,zz1000,False,2026Q3,在役,,0
1209,"ts_std(ts_std(returns,60),3)",ga,1.0,zz1000,False,2026Q3,在役,,0
1210,"ts_std(ts_std(ts_std(ema(returns,3),5),60),10)",ga,1.0,zz1000,False,2026Q3,在役,,0
1211,"ts_std(ts_decay_linear(ema(returns,3),120),3)",ga,1.0,zz1000,False,2026Q3,在役,,0
1212,"ts_std(ts_decay_linear(open,10),10)",ga,1.0,zz1000,False,2026Q3,在役,,0
1213,"ts_std(ema(ema(returns,5),10),10)",ga,1.0,zz1000,False,2026Q3,在役,,0
1214,"ts_std(ts_std(ts_std(returns,60),10),10)",ga,1.0,zz1000,False,2026Q3,在役,,0
1215,"ts_std(ts_std(ema(ts_mean(returns,5),120),10),10)",ga,1.0,zz1000,False,2026Q3,在役,,0
1216,"ts_corr(delta(delta(entropy120,40),20),volume,60)",ga,1.0,kc50,False,2026Q3,在役,,0
1217,"delta(ts_argmax(ema(volume,20),40),3)",ga,-1.0,kc50,False,2026Q3,在役,,0
1218,"ts_argmax(ts_tsi(ts_tsi(mul(high,close),60),60),20)",ga,-1.0,kc50,False,2026Q3,在役,,0
1219,"ts_argmax(ts_tsi(mul(ts_tsi(open,40),returns),60),20)",ga,-1.0,kc50,False,2026Q3,在役,,0
1220,"ts_argmax(ts_tsi(mul(ts_tsi(open,40),ts_argmax(ts_tsi(open,4",ga,-1.0,kc50,False,2026Q3,在役,,0
1221,"ts_argmax(ts_tsi(ts_zscore(amount,40),60),20)",ga,-1.0,kc50,False,2026Q3,在役,,0
1222,"ts_argmax(ts_tsi(ts_tsi(mul(ts_tsi(high,40),close),60),60),2",ga,-1.0,kc50,False,2026Q3,在役,,0
1223,"ts_er(ts_max(ts_tsi(open,5),3),5)",ga,-1.0,hongli,False,2026Q3,在役,,0
1224,"ts_max(ts_tsi(mul(ts_tsi(entropy120,20),open),5),3)",ga,-1.0,hongli,False,2026Q3,在役,,0
1225,"ts_max(ts_min(ts_std(open,60),10),3)",ga,-1.0,hongli,False,2026Q3,在役,,0
1226,"sign(ts_argmax(returns,10))",ga,-1.0,hongli,False,2026Q3,在役,,0
1227,"ts_max(ts_argmax(entropy120,5),3)",ga,1.0,hongli,False,2026Q3,在役,,0
1228,"ts_max(ts_tsi(mul(open,delta(close,60)),5),3)",ga,-1.0,hongli,False,2026Q3,在役,,0
